date,supplier,kg_score,Em_Score,twitter_alert,weather_risk,economic_risk,geo_risk,tech_risk,downtime_hours,high_disruption_p
1/1/2025,JHH,0.442710762,0.552985007,1,0,1,0,0,5.1,0.866601624
1/2/2025,JHH,0.599101098,0.509835178,0,1,0,0,0,7.2,0.847656893
1/3/2025,JHH,0.372080079,0.532828741,0,0,0,0,0,1,0.746923707
1/4/2025,JHH,1.167821757,0.571555643,0,0,0,0,0,1.8,0.960244643
1/5/2025,JHH,0.071729985,0.591890932,1,1,0,0,0,7.7,0.752697715
1/6/2025,JHH,0.618255857,0.569171275,0,0,0,0,0,3.4,0.862542285
1/7/2025,JHH,0.601325473,0.442251321,0,1,0,1,0,10.8,0.835475563
1/8/2025,JHH,0.244869804,0.449591842,0,0,0,0,0,0.8,0.634635218
1/9/2025,JHH,0.047709181,0.400502782,1,0,0,0,0,5.6,0.630072979
1/10/2025,JHH,0.092683764,0.692610003,0,0,0,0,0,1.1,0.686807153
1/11/2025,JHH,0.316763949,0.40612928,0,0,0,0,0,2.4,0.658188753
1/12/2025,JHH,0.51653577,0.502921491,0,0,0,0,0,3.4,0.804811629
1/13/2025,JHH,0.032394415,0.439270062,0,0,0,0,0,1,0.494790486
1/14/2025,JHH,0.047410845,0.639425481,0,0,1,0,0,6.1,0.654547909
1/15/2025,JHH,0.810563116,0.5179591,0,0,0,0,0,4.5,0.901260168
1/16/2025,JHH,0.40136424,0.618815902,0,0,0,0,0,1.9,0.800344736
1/17/2025,JHH,0.10343899,0.493922572,0,0,0,0,0,0.7,0.576251458
1/18/2025,JHH,0.348340102,0.5442555,0,0,0,0,0,0,0.737204469
1/19/2025,JHH,0.84276965,0.448457783,0,0,0,1,0,10.6,0.903790422
1/20/2025,JHH,0.594674588,0.781642345,0,0,0,0,0,7.4,0.91596866
1/21/2025,JHH,0.34406675,0.431397534,0,0,0,0,0,2.9,0.689259722
1/22/2025,JHH,0.17585799,0.578439782,0,0,1,0,0,1.9,0.673431033
1/23/2025,JHH,1.19166903,0.618229004,0,0,0,0,0,6.3,0.969253353
1/24/2025,JHH,0.850473784,0.585890791,1,0,0,0,0,12.9,0.958865808
1/25/2025,JHH,1.012647573,0.545905127,0,0,0,0,0,7,0.944610454
1/26/2025,JHH,0.647689315,0.499527119,0,0,0,0,0,4.6,0.853214805
1/27/2025,JHH,0.457949952,0.532058016,0,0,0,0,0,4.5,0.796574355
1/28/2025,JHH,0.652946718,0.465708581,0,0,0,0,0,5,0.84509516
1/29/2025,JHH,0.256902757,0.675644648,0,0,0,1,1,12,0.797601167
1/30/2025,JHH,1.079797566,0.638006325,1,0,0,0,0,9.4,0.977741247
1/31/2025,JHH,0.115393888,0.505493419,0,0,0,0,0,2.4,0.5987401
2/1/2025,JHH,1.162554956,0.4111001,0,0,0,0,0,6.6,0.946146888
2/2/2025,JHH,0.847660328,0.483448622,1,0,0,0,0,11.5,0.945719059
2/3/2025,JHH,0.267739911,0.697710485,0,0,0,0,0,2.6,0.77999307
2/4/2025,JHH,0.276322092,0.479790087,0,0,0,0,0,2.9,0.678803902
2/5/2025,JHH,0.13510248,0.629001173,0,0,0,0,0,1.8,0.678363037
2/6/2025,JHH,0.845831699,0.658726429,1,0,0,0,0,7.4,0.961186313
2/7/2025,JHH,0.121348448,0.513616382,0,0,0,0,0,2.6,0.608118931
2/8/2025,JHH,0.61353602,0.580083313,0,0,0,0,0,5.6,0.869443621
2/9/2025,JHH,0.082953098,0.706844072,0,0,0,0,0,2.6,0.695612867
2/10/2025,JHH,0.675086753,0.470528175,0,0,0,0,0,4.9,0.853464637
2/11/2025,JHH,0.756671378,0.533283771,1,0,0,0,0,8,0.936129001
2/12/2025,JHH,0.887726162,0.496617792,0,1,1,0,0,8.4,0.919001706
2/13/2025,JHH,0.236654895,0.489211094,0,0,0,0,0,2.8,0.661652042
2/14/2025,JHH,0.472207248,0.485592312,0,0,0,0,0,3.6,0.780142828
2/15/2025,JHH,0.667314959,0.461737003,0,0,0,0,0,5.4,0.849492974
2/16/2025,JHH,0.055432273,0.453243267,1,0,0,0,0,3.5,0.655135127
2/17/2025,JHH,1.091676053,0.504655446,1,0,0,0,0,8,0.969255846
2/18/2025,JHH,0.680128466,0.569578315,0,0,0,0,0,0.8,0.874381468
2/19/2025,JHH,0.722998207,0.390808146,0,0,0,0,0,5.9,0.845863038
2/20/2025,JHH,0.107155071,0.57224546,0,0,0,0,0,1.5,0.629133503
2/21/2025,JHH,1.046388384,0.547704869,1,0,0,0,0,10.2,0.970379862
2/22/2025,JHH,0.362133984,0.39421088,1,0,0,0,0,5.3,0.785306416
2/23/2025,JHH,0.528115378,0.602041337,1,0,0,0,0,11.3,0.913044791
2/24/2025,JHH,0.016003494,0.626887103,1,0,0,0,1,5,0.732477019
2/25/2025,JHH,0.59790413,0.371461045,0,0,0,0,0,4.9,0.789416686
2/26/2025,JHH,0.043797187,0.642677721,0,1,0,0,0,3,0.640189626
2/27/2025,JHH,0.332558529,0.513931719,0,0,1,1,0,8.4,0.747292809
2/28/2025,JHH,0.335072378,0.528122732,0,0,0,0,0,3.7,0.737301086
3/1/2025,JHH,0.471033793,0.489205856,1,0,0,0,0,9.6,0.869051597
1/1/2025,DMEC,0.83977686,0.000108375,0,0,0,1,0,11,0.753935493
1/2/2025,DMEC,0.240949815,0.00010114,0,0,0,1,1,8.4,0.394276156
1/3/2025,DMEC,0.639063098,0.000108081,1,0,0,0,0,11,0.75360417
1/4/2025,DMEC,0.504966523,0.021907215,0,0,0,0,0,6.3,0.560498231
1/5/2025,DMEC,0.520998338,0.003721937,0,0,0,0,0,4,0.547803713
1/6/2025,DMEC,0.256756143,7.88E-05,0,0,0,0,0,2.3,0.374745261
1/7/2025,DMEC,0.856228518,0.008977599,0,0,0,0,0,8.2,0.755287662
1/8/2025,DMEC,0.366622952,8.64E-05,0,1,0,0,0,4.9,0.453825312
1/9/2025,DMEC,0.050802359,0.051369372,0,0,0,0,0,1.2,0.284841631
1/10/2025,DMEC,0.494023876,0.000118541,0,0,0,0,0,2.4,0.520826953
1/11/2025,DMEC,0.225225817,0.00011637,0,0,0,0,0,1.2,0.35145618
1/12/2025,DMEC,0.67835646,0.000109137,0,0,0,1,0,7.4,0.655694129
1/13/2025,DMEC,0.764234344,8.36E-05,0,0,0,0,0,5.6,0.694829297
1/14/2025,DMEC,0.874428026,9.53E-05,0,0,0,0,0,3.2,0.740834078
1/15/2025,DMEC,0.052676384,0.01016268,0,0,0,0,0,0,0.260590374
1/16/2025,DMEC,0.327435524,0.021794415,0,0,0,0,0,1.7,0.427287892
1/17/2025,DMEC,0.0759866,0.056738254,0,0,0,0,0,1.9,0.303605348
1/18/2025,DMEC,0.687534442,0.0001059,0,1,0,0,0,4,0.645450569
1/19/2025,DMEC,0.289011923,0.000102881,0,0,0,0,0,0,0.382910453
1/20/2025,DMEC,0.819018929,9.54E-05,0,0,1,0,0,8.9,0.736098056
1/21/2025,DMEC,0.182194623,0.000102003,0,0,0,0,0,0.9,0.326016325
1/22/2025,DMEC,0.376308975,0.015418533,0,0,0,0,0,2.2,0.455944238
1/23/2025,DMEC,0.168834659,0.000110622,0,0,0,0,0,0.1,0.315261017
1/24/2025,DMEC,0.673172131,0.000114351,0,0,0,0,0,7.3,0.652311717
1/25/2025,DMEC,0.595640075,8.82E-05,1,0,0,1,0,8.5,0.72298578
1/26/2025,DMEC,0.859854902,8.00E-05,0,0,0,0,0,9,0.755808878
1/27/2025,DMEC,0.734528795,7.25E-05,0,0,0,0,0,3.8,0.670954024
1/28/2025,DMEC,0.29709511,0.051356001,0,0,0,0,0,0,0.418515054
1/29/2025,DMEC,0.927022099,8.34E-05,0,0,1,0,0,7.3,0.779673357
1/30/2025,DMEC,0.608842903,6.77E-05,0,0,0,0,0,5.7,0.607371444
1/31/2025,DMEC,0.028788848,0.000105829,0,0,0,0,0,1.4,0.249784246
2/1/2025,DMEC,0.201669487,0.041552203,0,0,0,0,0,0.6,0.358945071
2/2/2025,DMEC,0.187402306,9.99E-05,0,0,1,0,0,5.3,0.348589622
2/3/2025,DMEC,0.633607059,0.000112577,0,0,1,0,0,13.2,0.656627064
2/4/2025,DMEC,0.727690622,0.000101227,0,0,0,0,0,6.7,0.679936419
2/5/2025,DMEC,0.081865726,9.85E-05,1,0,0,1,0,8.7,0.420410277
2/6/2025,DMEC,0.646351445,0.003857188,0,0,0,0,0,4.4,0.625631652
2/7/2025,DMEC,0.776611131,0.028412299,0,0,0,0,0,3.9,0.709005429
2/8/2025,DMEC,0.159526834,0.000104011,0,0,0,0,0,0,0.309828139
2/9/2025,DMEC,0.900530459,0.0267705,0,0,0,1,0,11.6,0.794170889
2/10/2025,DMEC,0.050815274,9.00E-05,0,0,0,0,0,2.9,0.266053862
2/11/2025,DMEC,0.075902835,0.000114881,0,0,0,0,0,0,0.266988518
2/12/2025,DMEC,0.135739603,9.74E-05,0,0,1,0,0,4.8,0.317690104
2/13/2025,DMEC,0.11101019,0.029171339,0,0,0,0,0,1.2,0.30458763
2/14/2025,DMEC,0.014959233,0.000108048,0,0,0,0,0,0.9,0.241525926
2/15/2025,DMEC,0.995035863,0.013225016,0,0,0,0,0,7.1,0.811937986
2/16/2025,DMEC,0.010365231,0.000100423,0,0,0,0,0,0,0.236162334
2/17/2025,DMEC,0.49259348,9.99E-05,0,0,0,0,0,1.7,0.516427425
2/18/2025,DMEC,0.207140796,0.000116288,1,0,0,0,0,7.1,0.490036997
2/19/2025,DMEC,0.024809199,0.034055672,0,0,0,0,0,1.5,0.264474996
2/20/2025,DMEC,0.720032281,9.96E-05,0,0,0,0,0,3,0.659334461
2/21/2025,DMEC,0.539865506,0.028819922,0,0,0,0,0,5.7,0.583148923
2/22/2025,DMEC,0.806105638,0.004078944,0,0,0,0,0,6,0.720201525
2/23/2025,DMEC,0.072573902,0.000108367,0,0,0,0,0,0,0.265359778
2/24/2025,DMEC,0.280042426,0.004234964,0,0,0,0,0,2.4,0.391429695
2/25/2025,DMEC,0.255824747,8.03E-05,0,0,0,0,0,1.8,0.37186194
2/26/2025,DMEC,0.333906596,0.027317754,0,0,0,0,0,1.1,0.431694951
2/27/2025,DMEC,0.691498895,9.54E-05,0,0,0,0,0,3.3,0.644508298
2/28/2025,DMEC,1.018929295,0.014247713,0,1,0,0,0,13.9,0.840364485
3/1/2025,DMEC,0.728167887,9.72E-05,0,0,0,0,0,7.2,0.682365201
1/1/2025,YG,1.100085178,0.522155317,0,0,1,0,0,14.1,0.958417387
1/2/2025,YG,0.622796988,0.577332976,1,0,0,0,0,13,0.928264097
1/3/2025,YG,0.038625549,0.521360433,0,0,0,0,0,0,0.549825323
1/4/2025,YG,0.280885817,0.639603952,0,0,0,0,0,2.6,0.760099378
1/5/2025,YG,0.256660343,0.541534395,0,0,0,0,0,3.4,0.703388641
1/6/2025,YG,0.516761271,0.379237173,0,0,0,1,0,5.2,0.758412574
1/7/2025,YG,0.358584997,0.458886438,0,0,0,0,0,0.5,0.70133824
1/8/2025,YG,0.654679394,0.485676728,0,0,0,0,0,5.1,0.852316983
1/9/2025,YG,0.876807116,0.396675138,0,0,0,1,0,15.1,0.907686246
1/10/2025,YG,0.416440366,0.599430609,0,0,0,0,0,4.7,0.807473656
1/11/2025,YG,0.047396655,0.70188963,1,0,1,1,0,10.7,0.800147376
1/12/2025,YG,0.129302884,0.600474552,0,0,0,0,0,2.2,0.661154565
1/13/2025,YG,0.080292093,0.501561296,0,0,0,0,1,6,0.592578113
1/14/2025,YG,0.438629886,0.591595962,0,0,0,0,0,4.9,0.813598586
1/15/2025,YG,0.079613562,0.522900057,0,0,0,0,0,1.8,0.584745238
1/16/2025,YG,0.461951323,0.52050849,0,0,0,0,0,3.1,0.788873672
1/17/2025,YG,0.778943743,0.470710399,0,0,0,0,0,5.9,0.885150525
1/18/2025,YG,0.960936648,0.500626719,0,0,0,0,0,7.9,0.931624064
1/19/2025,YG,0.224373412,0.519633877,0,0,0,0,0,1.3,0.665080576
1/20/2025,YG,0.244252695,0.56084626,0,0,0,0,0,2,0.701143152
1/21/2025,YG,0.718623878,0.554471297,0,0,1,0,0,11.7,0.901742546
1/22/2025,YG,0.686216135,0.50481704,0,0,0,0,0,6.1,0.869844315
1/23/2025,YG,0.667120797,0.506793198,1,0,0,0,0,5.9,0.913155339
1/24/2025,YG,0.794422187,0.645229159,0,0,0,1,0,6.5,0.926158765
1/25/2025,YG,0.179145314,0.564359417,0,0,0,0,0,1,0.663462294
1/26/2025,YG,0.935906571,0.415369279,0,0,0,0,1,8.1,0.912151281
1/27/2025,YG,0.745174242,0.342252516,0,0,0,0,0,8.7,0.844561433
1/28/2025,YG,0.135102673,0.614295005,0,0,0,0,0,1.4,0.668518971
1/29/2025,YG,0.127319672,0.42345359,0,0,0,0,0,1,0.549074787
1/30/2025,YG,0.354384074,0.496211619,0,0,0,0,0,3,0.728393923
1/31/2025,YG,0.27710451,0.446795118,0,0,0,0,0,3.4,0.663236128
2/1/2025,YG,0.721263118,0.395318069,0,0,0,0,0,7.4,0.850617569
2/2/2025,YG,0.107316539,0.552292409,0,0,0,0,0,0,0.610406769
2/3/2025,YG,0.419436622,0.570255268,0,0,0,0,0,2.9,0.791209218
2/4/2025,YG,0.716232462,0.469584295,0,0,0,0,0,5.2,0.866289472
2/5/2025,YG,1.083493272,0.367423164,0,0,0,0,0,8.5,0.930687035
2/6/2025,YG,0.756015321,0.463412347,0,0,0,0,0,1.4,0.867216557
2/7/2025,YG,0.869609042,0.555564546,0,0,0,0,0,7.4,0.924904786
2/8/2025,YG,0.694091757,0.403748994,0,0,0,0,0,6.5,0.842188407
2/9/2025,YG,0.886128619,0.614199664,0,0,0,0,1,5.1,0.934184631
2/10/2025,YG,0.678666126,0.503020651,0,0,0,0,0,6.5,0.868094743
2/11/2025,YG,0.671729681,0.516114601,1,0,0,0,0,4.6,0.913852695
2/12/2025,YG,1.169668315,0.529147085,1,0,0,1,0,14,0.97869
2/13/2025,YG,0.751908329,0.435899073,0,0,0,0,0,5.5,0.867555811
2/14/2025,YG,1.301554754,0.622990731,0,0,0,0,0,8,0.977497377
2/15/2025,YG,0.066493691,0.552866232,0,0,0,0,0,0.1,0.586714528
2/16/2025,YG,0.692796426,0.466897623,0,0,0,0,0,6.2,0.860953864
2/17/2025,YG,1.316827524,0.434041862,0,0,0,0,0,3.4,0.96249929
2/18/2025,YG,0.462482428,0.46298063,1,0,0,0,0,5.5,0.848599364
2/19/2025,YG,0.169210414,0.432923336,1,1,0,1,0,15.2,0.752004998
2/20/2025,YG,0.431356782,0.457453169,0,0,0,0,0,1.7,0.741930162
2/21/2025,YG,0.538400563,0.713648034,1,0,0,0,0,6.6,0.928383639
2/22/2025,YG,0.746717179,0.379288136,0,0,0,0,0,5.9,0.849797447
2/23/2025,YG,1.120204728,0.431553465,0,0,0,0,0,7.4,0.944138396
2/24/2025,YG,0.125251084,0.679704534,0,1,0,1,0,10.6,0.73582665
2/25/2025,YG,0.635896318,0.532388944,0,0,0,0,0,7.8,0.867233136
2/26/2025,YG,0.714133591,0.444689219,0,0,0,0,0,3.5,0.854091301
2/27/2025,YG,0.820965137,0.645716077,0,0,0,0,0,1.5,0.923910367
2/28/2025,YG,0.569747817,0.446912118,0,0,0,0,0,3.8,0.804969721
3/1/2025,YG,0.523298653,0.646308191,0,0,0,0,0,2.9,0.855945759
1/1/2025,GHM,0.909635541,0.388539522,0,1,0,0,0,10.1,0.904429283
1/2/2025,GHM,0.648096748,0.291133135,0,0,0,0,0,5.5,0.778694502
1/3/2025,GHM,0.248425773,0.457362668,0,0,0,0,0,1.7,0.645306441
1/4/2025,GHM,0.140470442,0.29302052,0,0,0,0,0,0,0.470964555
1/5/2025,GHM,0.597151706,0.35139199,0,1,0,0,0,5,0.780975339
1/6/2025,GHM,0.771947962,0.309650661,0,0,0,0,0,4,0.829769784
1/7/2025,GHM,1.012160891,0.324040945,1,0,0,0,0,13.8,0.948656313
1/8/2025,GHM,0.105720024,0.319180766,0,0,0,0,0,0.1,0.466115012
1/9/2025,GHM,0.190034447,0.287498372,0,0,0,0,0,2.6,0.511456007
1/10/2025,GHM,0.290120536,0.254957541,1,0,0,0,0,6.6,0.68883859
1/11/2025,GHM,0.685273013,0.297911337,1,0,0,0,0,5.6,0.86645375
1/12/2025,GHM,0.407265215,0.275551774,0,0,0,0,0,1.8,0.63251989
1/13/2025,GHM,0.945260019,0.368236984,0,0,0,0,0,9.5,0.906678932
1/14/2025,GHM,0.479911519,0.23676814,0,0,0,1,0,12,0.696714085
1/15/2025,GHM,0.171921249,0.289537015,0,0,0,0,0,1.1,0.493911716
1/16/2025,GHM,0.183735149,0.339977432,1,0,0,0,0,3.6,0.664024644
1/17/2025,GHM,0.077604726,0.275042438,0,0,0,0,0,0,0.421070096
1/18/2025,GHM,0.40595078,0.292345729,0,0,0,0,0,1.5,0.640086885
1/19/2025,GHM,0.607809692,0.328040836,0,0,0,1,0,5.3,0.776541838
1/20/2025,GHM,0.732382326,0.250361776,0,0,0,0,0,6.8,0.801048474
1/21/2025,GHM,0.204333891,0.258684831,0,0,1,0,0,5.7,0.517879075
1/22/2025,GHM,0.76015177,0.33185645,0,0,0,0,0,3.1,0.83090019
1/23/2025,GHM,0.035376544,0.392994755,0,1,0,1,0,3.2,0.4837378
1/24/2025,GHM,0.118554504,0.391341687,0,0,0,0,0,0.8,0.522669566
1/25/2025,GHM,0.578481917,0.407013028,0,0,1,0,0,12.1,0.818428625
1/26/2025,GHM,0.098336914,0.211291563,0,0,0,0,0,0.8,0.398929192
1/27/2025,GHM,0.901651101,0.257534557,0,0,0,0,0,3.7,0.854701762
1/28/2025,GHM,0.189947024,0.283888024,0,0,0,0,0,1.8,0.505146723
1/29/2025,GHM,0.537672657,0.255214863,0,0,0,0,0,2,0.694707127
1/30/2025,GHM,0.751392559,0.280483093,0,0,0,0,0,3.2,0.809025285
1/31/2025,GHM,0.780849818,0.370672925,0,0,0,0,0,8.1,0.863044105
2/1/2025,GHM,0.480981582,0.332282137,0,0,0,0,0,2.3,0.706647977
2/2/2025,GHM,0.918196214,0.302051027,0,0,0,0,0,3.3,0.871760833
2/3/2025,GHM,0.768449416,0.359646593,0,0,0,0,0,4.5,0.846867414
2/4/2025,GHM,1.056160171,0.281733578,0,0,0,0,0,7.2,0.907939717
2/5/2025,GHM,0.08656427,0.335192556,0,0,0,0,0,0.5,0.466149875
2/6/2025,GHM,0.275847041,0.266481673,0,0,0,0,0,2.9,0.553252709
2/7/2025,GHM,0.579386197,0.278894933,0,1,0,0,1,12.9,0.76918284
2/8/2025,GHM,0.544410892,0.339725383,0,0,0,0,0,5,0.752192621
2/9/2025,GHM,0.504848368,0.32765443,0,0,1,0,0,3.5,0.7213679
2/10/2025,GHM,1.105972054,0.285821879,0,0,0,0,0,9.3,0.921686478
2/11/2025,GHM,0.401166352,0.384610573,0,0,0,0,0,2.5,0.693055325
2/12/2025,GHM,1.453605284,0.306830786,1,0,0,0,0,13.2,0.9813867
2/13/2025,GHM,0.602139581,0.265478109,0,0,0,0,0,4.7,0.743271871
2/14/2025,GHM,0.598309623,0.228834397,0,0,0,0,0,3.6,0.719071387
2/15/2025,GHM,1.402790597,0.251086491,0,0,0,0,0,7.4,0.956173165
2/16/2025,GHM,0.774294664,0.400233647,0,0,0,0,0,3.9,0.859883269
2/17/2025,GHM,0.115888237,0.256222214,0,0,1,0,0,4.3,0.454197795
2/18/2025,GHM,0.744430753,0.293270156,0,0,0,0,0,8,0.825527043
2/19/2025,GHM,0.09498269,0.341065665,0,0,0,0,0,0.1,0.473056347
2/20/2025,GHM,0.398087827,0.286317915,0,0,0,0,0,5,0.648172155
2/21/2025,GHM,0.632039777,0.287672081,0,0,0,0,0,4,0.764818257
2/22/2025,GHM,0.076966654,0.305396018,0,0,0,1,0,6.5,0.471507571
2/23/2025,GHM,0.630694129,0.244796014,0,0,0,0,0,4.9,0.747764584
2/24/2025,GHM,0.23664883,0.334161551,0,0,0,0,0,0,0.556513965
2/25/2025,GHM,1.065547067,0.283066413,0,0,0,0,0,8.5,0.912258924
2/26/2025,GHM,0.394750855,0.320577711,0,0,0,0,0,3.9,0.660678974
2/27/2025,GHM,0.139844276,0.324598695,0,0,0,0,1,3.7,0.508775956
2/28/2025,GHM,0.062023418,0.343215517,0,0,0,0,0,0,0.453409882
3/1/2025,GHM,0.851496688,0.389266456,0,0,0,0,0,5.3,0.881624856
1/1/2025,ZSM,0.463529708,0.007590019,0,0,0,0,0,5.9,0.52393153
1/2/2025,ZSM,0.054113518,0.000117602,0,0,0,1,0,4.5,0.273999942
1/3/2025,ZSM,0.178916636,0.051663679,0,0,1,0,0,2.9,0.362264454
1/4/2025,ZSM,0.298668472,8.05E-05,0,0,0,0,0,1.5,0.395768621
1/5/2025,ZSM,0.058829964,0.090404368,0,0,0,0,0,0,0.304297948
1/6/2025,ZSM,0.418194333,0.010726348,0,0,0,0,0,4.8,0.492076089
1/7/2025,ZSM,0.048452168,0.029003942,0,0,0,0,0,0,0.267692862
1/8/2025,ZSM,1.086098597,0.011775956,0,0,0,0,1,12,0.856274575
1/9/2025,ZSM,0.034314731,0.060128884,0,0,1,0,0,3.5,0.290307523
1/10/2025,ZSM,0.370978504,0.036250359,0,1,0,0,0,8.2,0.49551816
1/11/2025,ZSM,0.426343358,0.000104632,0,0,0,0,0,3.9,0.486033628
1/12/2025,ZSM,0.333723542,0.000125533,0,0,0,1,0,4.9,0.433551074
1/13/2025,ZSM,0.214610593,0.016230876,0,0,0,0,0,1,0.353681339
1/14/2025,ZSM,0.694030277,0.014578685,1,0,1,0,0,7.8,0.773384643
1/15/2025,ZSM,0.82421595,0.0681419,0,0,0,0,0,6.5,0.761495235
1/16/2025,ZSM,0.729255385,0.025917111,0,0,0,0,0,8.3,0.701391159
1/17/2025,ZSM,0.479070047,0.008983406,0,0,0,0,0,3.2,0.52102101
1/18/2025,ZSM,0.334969519,0.011393693,0,0,0,0,0,2.8,0.430921617
1/19/2025,ZSM,0.459765747,0.09821872,1,0,0,0,0,7.5,0.699509065
1/20/2025,ZSM,1.026619791,0.043944688,0,0,0,0,0,5,0.828695655
1/21/2025,ZSM,0.026615002,0.030366651,0,0,1,0,0,3.4,0.271001786
1/22/2025,ZSM,0.696823078,0.068030019,0,0,0,0,0,9.2,0.710154132
1/23/2025,ZSM,0.348193132,0.057241538,0,1,0,0,0,8.6,0.496396731
1/24/2025,ZSM,0.923924505,8.72E-05,0,0,0,0,0,8.8,0.78347436
1/25/2025,ZSM,0.637785538,0.009484074,0,0,0,0,0,5.1,0.627188459
1/26/2025,ZSM,0.183734894,0.035086028,0,0,0,0,0,1.5,0.349111341
1/27/2025,ZSM,0.960698434,0.017235233,0,0,0,0,0,7.7,0.801998823
1/28/2025,ZSM,0.024746553,0.002173465,0,1,0,0,0,4.1,0.259090713
1/29/2025,ZSM,0.615752832,0.013443636,0,0,1,0,0,10.9,0.643592534
1/30/2025,ZSM,0.570633698,0.042231265,0,0,0,0,0,5.6,0.609250401
1/31/2025,ZSM,0.722185557,0.001200282,0,0,0,0,0,2.6,0.659364746
2/1/2025,ZSM,0.448933289,0.010944982,1,0,0,0,0,2.7,0.623327435
2/2/2025,ZSM,0.232869565,0.01230933,0,0,0,0,0,2.2,0.367477718
2/3/2025,ZSM,0.178345432,0.000716275,0,0,0,0,0,0,0.320310392
2/4/2025,ZSM,0.186677971,0.010823563,0,0,0,0,0,1.9,0.338889665
2/5/2025,ZSM,0.542863123,0.015674977,0,0,0,0,0,3.5,0.56619545
2/6/2025,ZSM,0.46545049,0.020348081,0,1,0,0,0,7.3,0.540038199
2/7/2025,ZSM,0.667764537,0.018398814,0,0,0,1,0,4.7,0.647805833
2/8/2025,ZSM,0.645107895,0.038545223,0,0,0,0,0,2.2,0.634862117
2/9/2025,ZSM,0.410758871,0.049005009,0,0,0,0,0,0.1,0.487854814
2/10/2025,ZSM,1.318370309,0.000110836,0,0,0,0,0,7.6,0.904495405
2/11/2025,ZSM,0.880248978,0.06380189,0,0,1,0,0,7.4,0.787199595
2/12/2025,ZSM,0.011470208,0.068560768,0,0,0,0,0,0,0.268956647
2/13/2025,ZSM,0.687565859,0.001447033,0,0,0,0,0,4.9,0.650339586
2/14/2025,ZSM,0.451039125,0.015336994,0,0,0,0,0,1.1,0.496985111
2/15/2025,ZSM,0.523787499,0.011748326,0,0,0,0,0,2.2,0.545582974
2/16/2025,ZSM,0.457015719,0.043327597,0,0,0,0,0,2,0.522698959
2/17/2025,ZSM,0.072071844,0.036926982,0,0,0,0,0,1.6,0.289975522
2/18/2025,ZSM,1.123136499,0.03139789,0,0,0,0,0,6.9,0.861085596
2/19/2025,ZSM,0.042294674,0.05781767,0,0,0,0,0,0.7,0.281765867
2/20/2025,ZSM,0.315523444,0.00913778,1,0,1,0,0,8.3,0.568970747
2/21/2025,ZSM,0.338814766,0.106755042,0,0,0,0,0,1.6,0.486484423
2/22/2025,ZSM,0.465278717,0.036074845,0,0,0,0,0,2.5,0.52582298
2/23/2025,ZSM,0.463815437,0.083833408,0,0,0,0,0,2.7,0.555550262
2/24/2025,ZSM,1.259259057,0.039432788,0,0,0,0,0,6.3,0.897773752
2/25/2025,ZSM,0.530958431,0.085205845,0,1,1,0,0,13.6,0.648490517
2/26/2025,ZSM,0.143843652,0.02260301,0,0,0,0,0,1.1,0.318237512
2/27/2025,ZSM,1.047734067,0.000118125,0,0,0,0,0,3.9,0.817220805
2/28/2025,ZSM,1.006978709,0.039562085,0,0,0,0,0,8.7,0.830665619
3/1/2025,ZSM,0.729851358,0.001687322,0,1,0,0,0,8,0.687583641
1/1/2025,KMP,0.785463841,0.299449033,0,0,0,0,0,8.6,0.843470731
1/2/2025,KMP,0.620589379,0.271880877,0,0,0,0,0,3.8,0.751602189
1/3/2025,KMP,0.234546707,0.230379604,1,0,1,0,0,7.5,0.648468881
1/4/2025,KMP,0.182123301,0.294965716,0,0,0,0,0,1.8,0.507180142
1/5/2025,KMP,0.092289577,0.272794391,0,0,0,0,0,0.7,0.432099565
1/6/2025,KMP,0.973452817,0.251809317,0,1,0,0,0,10,0.887270158
1/7/2025,KMP,0.749377333,0.29774982,0,0,0,0,0,5.1,0.820511661
1/8/2025,KMP,0.942340566,0.343647754,0,0,0,0,0,6.7,0.895572563
1/9/2025,KMP,1.163096286,0.328089041,0,0,0,0,0,9.1,0.937612003
1/10/2025,KMP,0.796277123,0.361799882,0,0,0,0,0,4.2,0.855597129
1/11/2025,KMP,0.507478691,0.254845329,0,0,0,0,0,3.5,0.684776382
1/12/2025,KMP,0.060155351,0.204250421,0,0,0,0,0,0,0.368423596
1/13/2025,KMP,0.827754583,0.260793388,0,0,0,0,0,3.9,0.831930305
1/14/2025,KMP,0.374629884,0.224031868,0,0,0,0,0,1.8,0.582405088
1/15/2025,KMP,0.447916773,0.287175761,1,0,0,0,0,7.4,0.783423797
1/16/2025,KMP,0.700240897,0.313597742,1,0,1,0,0,6.9,0.87788974
1/17/2025,KMP,0.938187862,0.373016087,0,0,0,1,0,7,0.901855186
1/18/2025,KMP,0.362654995,0.372343694,0,0,0,0,0,3.2,0.668519531
1/19/2025,KMP,0.205464785,0.225741278,0,0,0,0,0,0.9,0.474027189
1/20/2025,KMP,0.655865407,0.333888046,0,0,0,0,0,3,0.791564815
1/21/2025,KMP,1.048364162,0.36295241,0,0,0,0,0,3.5,0.916696924
1/22/2025,KMP,0.018431003,0.242781852,0,0,0,0,0,0,0.366568174
1/23/2025,KMP,0.008947644,0.329982244,0,1,0,0,0,4.5,0.434706179
1/24/2025,KMP,1.152361598,0.237870157,0,0,0,0,0,7,0.918007621
1/25/2025,KMP,0.020026081,0.294390397,0,0,0,0,0,1.1,0.403245847
1/26/2025,KMP,0.612075807,0.430870368,0,0,0,0,0,5.2,0.819263476
1/27/2025,KMP,0.4301257,0.373537642,0,0,0,0,0,2.7,0.703320103
1/28/2025,KMP,1.134768229,0.363139618,1,0,1,0,1,10.9,0.96312927
1/29/2025,KMP,0.499659379,0.235887284,0,0,0,0,0,3.1,0.668379894
1/30/2025,KMP,0.693414224,0.252005442,0,0,0,0,0,3.3,0.773739658
1/31/2025,KMP,0.43006694,0.312474161,0,0,0,0,0,2.6,0.670037076
2/1/2025,KMP,1.065223858,0.22885886,0,0,0,0,0,5.3,0.894844222
2/2/2025,KMP,0.641276079,0.291783862,0,0,0,0,0,5.9,0.777412333
2/3/2025,KMP,0.144505479,0.255894891,1,0,1,1,0,17.6,0.657686395
2/4/2025,KMP,0.696496754,0.307927771,0,0,0,0,0,6.2,0.807688702
2/5/2025,KMP,0.822907951,0.252804269,1,1,0,1,0,11.4,0.901790613
2/6/2025,KMP,0.356140107,0.28229336,0,0,0,0,0,3.5,0.614456395
2/7/2025,KMP,0.010529233,0.298187068,0,0,1,0,0,4.3,0.415272924
2/8/2025,KMP,0.35224799,0.273180245,0,0,0,0,0,1.4,0.596660729
2/9/2025,KMP,0.243015413,0.168982713,0,0,1,0,0,5.3,0.484004289
2/10/2025,KMP,0.276239675,0.292739544,0,0,1,0,0,8.2,0.595427347
2/11/2025,KMP,0.421993919,0.382706943,0,0,0,0,0,1,0.696725286
2/12/2025,KMP,0.25032896,0.371279717,0,0,0,0,0,0.6,0.59049733
2/13/2025,KMP,0.527923752,0.205480837,0,0,0,0,0,7.6,0.686866745
2/14/2025,KMP,1.056223944,0.307041215,0,0,0,0,0,6.2,0.911505958
2/15/2025,KMP,0.747088649,0.314408126,0,0,0,1,0,7.8,0.833375555
2/16/2025,KMP,0.488967093,0.217006922,0,0,0,0,0,4.1,0.656319448
2/17/2025,KMP,0.197961546,0.317732811,0,0,0,0,0,2.9,0.536742621
2/18/2025,KMP,0.460788828,0.277270489,0,1,0,0,0,6.7,0.685496523
2/19/2025,KMP,0.852817913,0.345421594,0,0,0,0,0,5.1,0.869619512
2/20/2025,KMP,0.373242376,0.238861109,1,0,1,0,0,9.7,0.735801315
2/21/2025,KMP,0.694331137,0.273357819,0,0,0,0,1,4.7,0.788051879
2/22/2025,KMP,0.247526994,0.250648896,0,0,0,0,0,0,0.511357978
2/23/2025,KMP,1.104261871,0.254984124,0,0,0,0,0,7.8,0.913260753
2/24/2025,KMP,0.71894783,0.274824842,0,0,0,0,0,5.4,0.800980163
2/25/2025,KMP,0.555526848,0.329805801,1,0,0,0,0,9.8,0.846749572
2/26/2025,KMP,0.398425847,0.291240385,0,0,0,0,1,6.6,0.658398514
2/27/2025,KMP,0.838243079,0.22450941,0,1,0,0,0,11.1,0.84275633
2/28/2025,KMP,0.204841809,0.364061232,0,0,0,0,0,0,0.555336792
3/1/2025,KMP,0.813222564,0.335081483,0,0,0,0,0,6.8,0.858969849
1/1/2025,SCT,1.075456925,0.043725514,0,0,0,0,0,6.6,0.849406805
1/2/2025,SCT,0.486790162,0.042524684,0,0,0,0,0,0.7,0.534267973
1/3/2025,SCT,0.698751439,0.025986932,0,0,0,1,0,8.4,0.685646907
1/4/2025,SCT,0.492666578,0.10303472,0,0,0,0,0,4.7,0.594657506
1/5/2025,SCT,0.076206747,0.070139731,0,0,1,0,0,4.2,0.320792146
1/6/2025,SCT,0.399991869,0.088843044,0,0,0,0,0,3.7,0.524003355
1/7/2025,SCT,0.612971438,0.062116868,1,0,0,0,1,9.8,0.765616147
1/8/2025,SCT,0.788974914,0.076944567,0,0,0,1,0,8.2,0.755617136
1/9/2025,SCT,0.716063021,0.016298262,0,0,0,0,0,6.7,0.682417325
1/10/2025,SCT,0.409647229,0.040902387,0,0,0,0,0,3.5,0.499093512
1/11/2025,SCT,0.460333276,0.071175745,1,0,0,0,0,8.5,0.689711857
1/12/2025,SCT,0.723683128,0.067077825,1,0,0,0,0,4.9,0.798171053
1/13/2025,SCT,0.809017263,0.093998608,0,0,0,0,0,3.4,0.755014823
1/14/2025,SCT,0.010319111,0.046006735,0,0,0,0,0,0.6,0.25976595
1/15/2025,SCT,0.90113666,0.089201579,0,0,0,1,0,9.5,0.812425116
1/16/2025,SCT,0.393135975,0.103903308,0,0,0,0,0,6.1,0.541056899
1/17/2025,SCT,0.611392288,0.022930397,0,0,0,0,0,7.2,0.629438029
1/18/2025,SCT,0.163480107,0.037707729,0,0,0,0,0,0.3,0.333803892
1/19/2025,SCT,0.830533087,0.035133638,0,0,0,0,0,4.3,0.74080693
1/20/2025,SCT,0.107688682,0.055866985,0,0,0,0,0,0.5,0.314080526
1/21/2025,SCT,0.068394553,0.101714876,0,0,0,0,0,0,0.315457573
1/22/2025,SCT,0.242042969,0.132071628,0,0,0,0,0,1.1,0.439617758
1/23/2025,SCT,0.18059941,0.050342579,1,1,0,0,0,13.7,0.537766673
1/24/2025,SCT,0.457272222,0.023837292,0,0,0,0,0,2.1,0.511191577
1/25/2025,SCT,0.389686551,0.093946418,0,0,0,0,0,2.5,0.51476631
1/26/2025,SCT,0.135181539,0.125402002,0,0,0,0,0,2.7,0.378824375
1/27/2025,SCT,0.141716689,0.091673272,0,0,0,0,0,0,0.350572176
1/28/2025,SCT,1.392064132,0.048966949,0,0,0,0,0,7.2,0.927343265
1/29/2025,SCT,0.773285613,0.071047993,0,0,0,0,0,5.3,0.734355445
1/30/2025,SCT,0.110057801,0.0829762,0,0,0,0,0,0.2,0.32884469
1/31/2025,SCT,0.17845658,0.072792657,0,0,0,0,0,3.4,0.376630015
2/1/2025,SCT,0.514001254,0.038591426,0,0,0,0,0,7.1,0.580172534
2/2/2025,SCT,0.648673937,0.048528075,0,0,0,0,0,7.6,0.667079394
2/3/2025,SCT,0.091545447,0.018871991,0,0,1,0,0,6.4,0.310891147
2/4/2025,SCT,0.390036123,0.050314797,0,1,0,0,0,5.3,0.501719318
2/5/2025,SCT,0.89042603,0.036813837,0,0,0,0,0,5.8,0.774535306
2/6/2025,SCT,0.349054309,0.07637955,0,0,0,0,0,1.8,0.474917235
2/7/2025,SCT,0.013187287,0.070519544,0,0,0,0,0,2.2,0.279542332
2/8/2025,SCT,0.700919066,0.03004319,0,0,0,0,0,5.3,0.675552171
2/9/2025,SCT,0.24462629,0.074372618,0,0,1,0,0,6,0.429840306
2/10/2025,SCT,0.819278659,0.08136171,0,0,0,0,0,4.4,0.75760636
2/11/2025,SCT,0.248716619,0.119334953,0,0,1,0,0,2.3,0.441797277
2/12/2025,SCT,0.706816702,0.029806837,0,0,0,0,0,5.8,0.680823499
2/13/2025,SCT,0.58196654,0.110729208,0,0,0,0,0,4.8,0.651976695
2/14/2025,SCT,0.267839816,0.005343586,0,0,0,0,0,0.2,0.374480799
2/15/2025,SCT,0.4979248,0.048597983,0,0,0,0,0,4.6,0.564220059
2/16/2025,SCT,0.038105283,0.091294878,0,0,0,0,0,0,0.293903673
2/17/2025,SCT,0.621692749,0.149464568,0,0,1,0,0,10.2,0.717459235
2/18/2025,SCT,1.013353502,0.074851282,1,0,0,0,0,6.8,0.896275729
2/19/2025,SCT,0.5646906,0.016840559,0,0,0,0,0,3.8,0.581717501
2/20/2025,SCT,1.00733788,0.044840954,0,0,0,0,0,8.6,0.832360121
2/21/2025,SCT,0.847384043,7.66E-05,0,0,0,0,0,9.3,0.75113064
2/22/2025,SCT,0.938871312,0.109566299,1,0,0,0,1,20.2,0.910934101
2/23/2025,SCT,0.769291752,0.099051333,0,0,0,0,0,5,0.744759995
2/24/2025,SCT,1.243828292,0.032406753,0,0,0,0,0,5.7,0.891348271
2/25/2025,SCT,0.548448379,0.108928608,0,0,0,0,0,2,0.618560433
2/26/2025,SCT,0.0222445,0.089016066,0,0,0,0,0,0,0.284581382
2/27/2025,SCT,0.377403568,0.043891912,0,0,0,1,0,9.9,0.512806873
2/28/2025,SCT,0.392119814,0.049679851,0,0,0,0,0,3.6,0.494125061
3/1/2025,SCT,0.225623379,0.090123849,0,0,0,0,0,2.7,0.411775124
1/1/2025,SZHA,1.411779735,0.236805476,0,0,0,1,0,13.4,0.960435821
1/2/2025,SZHA,0.080821142,0.175410777,1,0,0,1,0,6.3,0.516638804
1/3/2025,SZHA,0.067139703,0.225754509,0,0,0,0,0,0,0.3851455
1/4/2025,SZHA,1.211125575,0.222846207,0,0,0,0,0,4.4,0.92222215
1/5/2025,SZHA,0.925285712,0.337462285,0,0,0,0,0,4.2,0.885021827
1/6/2025,SZHA,0.719140535,0.283263318,0,0,0,0,0,4.2,0.800593781
1/7/2025,SZHA,0.232236968,0.186133208,0,0,0,0,0,0,0.461557379
1/8/2025,SZHA,0.819618626,0.204288407,0,0,0,0,0,3,0.805301978
1/9/2025,SZHA,1.0629377,0.193824056,1,0,0,0,0,8,0.930984042
1/10/2025,SZHA,0.523524767,0.244249323,0,0,0,0,0,5.7,0.6970808
1/11/2025,SZHA,0.102798405,0.232148324,0,1,0,0,0,3.1,0.425402705
1/12/2025,SZHA,0.28621271,0.179393454,0,0,0,0,0,3.8,0.510002517
1/13/2025,SZHA,0.223751548,0.179280382,0,0,0,1,1,8.7,0.495395087
1/14/2025,SZHA,0.972127611,0.270467224,0,0,0,0,0,3,0.877233291
1/15/2025,SZHA,0.761483422,0.256596662,0,0,0,0,0,3,0.803007786
1/16/2025,SZHA,0.787396854,0.222317091,0,0,0,0,0,4.7,0.805069396
1/17/2025,SZHA,0.934269853,0.17329831,0,0,0,0,0,7.9,0.849018083
1/18/2025,SZHA,0.09282011,0.236899395,0,0,0,1,0,3.9,0.426119531
1/19/2025,SZHA,0.638733176,0.352596946,0,0,0,0,0,6.4,0.803185701
1/20/2025,SZHA,0.573711951,0.219121554,0,0,0,0,0,3.4,0.700584714
1/21/2025,SZHA,0.026495012,0.259263654,0,0,0,0,0,0,0.380929855
1/22/2025,SZHA,0.352108273,0.257768656,0,0,0,0,0,1.5,0.587754991
1/23/2025,SZHA,0.545025665,0.199413097,0,0,0,0,0,7.6,0.692769043
1/24/2025,SZHA,0.225614576,0.205973515,0,0,1,0,0,4.2,0.490743615
1/25/2025,SZHA,0.477936335,0.221885548,0,0,0,1,0,8.4,0.67206832
1/26/2025,SZHA,1.196461955,0.266919366,0,0,0,0,1,7.6,0.931531314
1/27/2025,SZHA,0.393794402,0.224699653,0,0,0,0,0,2.8,0.599224557
1/28/2025,SZHA,0.609982944,0.241712825,0,0,0,0,0,8,0.748238473
1/29/2025,SZHA,0.507298161,0.288335512,0,0,0,0,0,4.7,0.707460932
1/30/2025,SZHA,0.832497553,0.334572908,0,0,0,0,0,5.5,0.861484658
1/31/2025,SZHA,0.359058379,0.255258851,0,0,1,0,0,4.6,0.605346552
2/1/2025,SZHA,0.411790311,0.242994856,0,0,0,0,0,1.5,0.614664669
2/2/2025,SZHA,0.448491417,0.1915231,0,0,0,0,0,3.3,0.614445172
2/3/2025,SZHA,0.81589498,0.26100114,0,0,0,0,0,7.6,0.83811109
2/4/2025,SZHA,0.337792465,0.169655542,0,0,0,0,0,2,0.527128337
2/5/2025,SZHA,0.776460946,0.206080999,0,0,0,0,0,7.7,0.803821909
2/6/2025,SZHA,0.519492153,0.205694295,0,0,0,0,0,4.7,0.669730437
2/7/2025,SZHA,0.347657339,0.283182468,0,0,0,0,0,3.1,0.608044443
2/8/2025,SZHA,0.247930235,0.173480807,0,0,0,0,0,2.7,0.476898361
2/9/2025,SZHA,0.255655969,0.247707756,0,0,0,0,0,1.2,0.520590676
2/10/2025,SZHA,0.548939463,0.320437971,0,0,0,0,0,4,0.741435613
2/11/2025,SZHA,0.017272441,0.204405733,0,0,0,0,1,5.9,0.371029083
2/12/2025,SZHA,0.744981745,0.15090778,0,0,0,0,0,5.4,0.759094917
2/13/2025,SZHA,0.419520191,0.162751479,0,0,0,0,0,2.4,0.575341675
2/14/2025,SZHA,0.102267075,0.315385466,0,0,0,0,0,0.3,0.462602809
2/15/2025,SZHA,0.667710821,0.169521467,0,0,0,0,0,4.1,0.726131034
2/16/2025,SZHA,0.440015952,0.180747471,0,1,0,0,0,10.9,0.638742075
2/17/2025,SZHA,0.523014087,0.21433162,0,0,0,0,0,5,0.67773109
2/18/2025,SZHA,0.128377839,0.291657144,0,0,0,0,0,2.1,0.473048014
2/19/2025,SZHA,0.461334515,0.233422136,0,0,0,0,0,2.2,0.641272544
2/20/2025,SZHA,0.009519945,0.267376616,1,1,0,0,0,9.5,0.545434673
2/21/2025,SZHA,0.189421326,0.234447709,1,0,0,0,0,3.2,0.604361733
2/22/2025,SZHA,0.73472809,0.138248102,0,0,0,0,0,5.8,0.749967785
2/23/2025,SZHA,0.408712207,0.166247748,0,0,0,0,0,1.4,0.565963237
2/24/2025,SZHA,0.945818796,0.316024643,0,0,0,0,0,6.1,0.888608784
2/25/2025,SZHA,0.775472567,0.211278292,1,0,0,0,0,8.2,0.873346475
2/26/2025,SZHA,0.024984104,0.287900454,0,0,0,0,0,0.6,0.399922363
2/27/2025,SZHA,0.528914936,0.346961357,0,0,0,0,0,3.9,0.744157509
2/28/2025,SZHA,0.089545548,0.249534695,0,0,0,0,0,0,0.412824936
3/1/2025,SZHA,1.14569165,0.207061439,0,0,0,0,0,5.2,0.907701084
1/1/2025,ArC,0.306740944,0.443945275,0,0,0,0,0,2.7,0.674962275
1/2/2025,ArC,0.219183084,0.445566826,0,0,0,0,0,1.5,0.620547982
1/3/2025,ArC,0.505689315,0.37606992,0,0,0,0,0,3.6,0.74581175
1/4/2025,ArC,0.324369349,0.475323627,0,0,0,0,0,0,0.689810268
1/5/2025,ArC,0.693630098,0.370262044,0,0,0,0,1,6.7,0.83114029
1/6/2025,ArC,0.485695801,0.519435905,0,0,0,0,0,4.9,0.803896707
1/7/2025,ArC,0.344047485,0.464981937,0,0,0,1,0,8.9,0.731171331
1/8/2025,ArC,0.017355506,0.427405155,0,0,0,1,0,3,0.492975875
1/9/2025,ArC,0.927373759,0.495531236,0,0,0,0,1,9.8,0.927792386
1/10/2025,ArC,0.74725099,0.370526708,0,0,0,0,0,4.7,0.844019453
1/11/2025,ArC,0.760819104,0.496171808,0,0,0,0,0,5.2,0.885591183
1/12/2025,ArC,0.048606753,0.411053575,0,0,0,1,0,4,0.507287189
1/13/2025,ArC,0.011220163,0.495791772,0,0,0,0,0,0,0.516876047
1/14/2025,ArC,0.579211115,0.382819388,1,0,0,0,0,7.3,0.864253419
1/15/2025,ArC,0.095443069,0.459164637,0,0,0,0,0,0,0.546495099
1/16/2025,ArC,0.565907655,0.524019755,0,0,0,0,0,6.2,0.838731307
1/17/2025,ArC,0.256311949,0.347298832,0,0,0,0,0,3.4,0.59315584
1/18/2025,ArC,0.380954913,0.376941683,0,0,0,0,0,3.2,0.681080435
1/19/2025,ArC,0.098805347,0.511759186,0,0,0,0,0,0,0.580885943
1/20/2025,ArC,0.00833773,0.502145681,0,0,1,0,0,1.5,0.5265272
1/21/2025,ArC,0.720184122,0.41415337,0,0,0,0,0,3.2,0.845514324
1/22/2025,ArC,0.385599184,0.502909208,0,1,0,0,0,6.3,0.759012097
1/23/2025,ArC,0.41510183,0.523177447,0,0,0,0,0,3.6,0.77165822
1/24/2025,ArC,0.74321715,0.547901017,0,0,0,0,0,4.3,0.892236807
1/25/2025,ArC,0.031572235,0.510850707,0,0,0,0,0,2.7,0.552322092
1/26/2025,ArC,0.422465223,0.485675251,0,0,0,0,0,2.3,0.753311272
1/27/2025,ArC,0.636729227,0.474283241,0,0,0,0,0,4.6,0.841513304
1/28/2025,ArC,0.593622456,0.529688814,0,0,0,0,0,4.4,0.845048018
1/29/2025,ArC,0.639122336,0.463267913,0,0,1,0,0,6,0.842370902
1/30/2025,ArC,0.371803322,0.371924968,0,0,0,0,0,4.2,0.67772158
1/31/2025,ArC,0.252701452,0.473702832,0,0,1,0,0,3.3,0.664187319
2/1/2025,ArC,0.676390069,0.431898134,1,0,0,0,0,10.8,0.907771249
2/2/2025,ArC,0.446895974,0.301264709,0,0,0,0,0,3.8,0.678394144
2/3/2025,ArC,0.881691028,0.476665154,0,0,0,0,0,6.2,0.910511015
2/4/2025,ArC,0.121432363,0.418003056,0,0,0,0,0,1.9,0.54651227
2/5/2025,ArC,0.681068377,0.429333213,0,0,0,0,0,5.7,0.844224683
2/6/2025,ArC,0.585095176,0.430332006,0,0,0,0,0,3,0.801956546
2/7/2025,ArC,0.067679298,0.467306912,0,0,0,0,0,1.1,0.539782114
2/8/2025,ArC,0.125461699,0.5106514,0,1,0,0,0,6.6,0.627681393
2/9/2025,ArC,1.210784683,0.416502616,0,0,0,1,0,14.8,0.959465319
2/10/2025,ArC,0.078650348,0.513800759,0,0,0,0,0,0.7,0.573251029
2/11/2025,ArC,1.146663664,0.431606518,0,0,0,0,0,7.5,0.947632245
2/12/2025,ArC,0.58226694,0.504959624,0,0,0,0,0,3.6,0.830625446
2/13/2025,ArC,0.863486044,0.490657518,0,0,0,0,0,6.7,0.910467695
2/14/2025,ArC,0.066148464,0.373528664,0,0,0,0,0,0,0.474819525
2/15/2025,ArC,0.108696382,0.545959546,0,0,0,0,0,1,0.612216746
2/16/2025,ArC,0.300268982,0.405186185,0,0,0,0,0,3.8,0.654671607
2/17/2025,ArC,0.500222971,0.436704248,1,0,0,0,0,7.9,0.858187646
2/18/2025,ArC,0.668825829,0.474394451,0,0,0,0,0,1.6,0.844230827
2/19/2025,ArC,0.326511899,0.580684724,1,0,1,0,0,10.1,0.854456621
2/20/2025,ArC,0.091888785,0.407764471,0,0,0,0,0,0.6,0.515278527
2/21/2025,ArC,0.582749461,0.386853927,0,0,0,0,0,6.9,0.796085933
2/22/2025,ArC,0.836226914,0.486647239,0,0,1,0,0,7.7,0.905611006
2/23/2025,ArC,0.725436495,0.419447162,0,0,0,1,0,11.3,0.868551204
2/24/2025,ArC,0.286830049,0.497758169,0,0,0,0,0,3.2,0.69539635
2/25/2025,ArC,0.161385146,0.32911481,0,0,0,0,1,2.7,0.520051713
2/26/2025,ArC,0.697905251,0.375916184,0,0,0,1,0,12.5,0.849993948
2/27/2025,ArC,0.369022739,0.350528141,0,0,0,0,0,2.1,0.654951726
2/28/2025,ArC,0.68974401,0.484475245,0,0,0,0,0,3.2,0.858093921
3/1/2025,ArC,0.696583195,0.60182994,0,0,0,0,0,3.7,0.892835071
1/1/2025,YaHo,0.279532288,0.579757662,0,0,0,0,0,2.8,0.731888428
1/2/2025,YaHo,0.020038634,0.557916106,0,0,0,0,0,0,0.560917583
1/3/2025,YaHo,0.580345445,0.627733216,0,0,0,0,0,6,0.874373746
1/4/2025,YaHo,0.743486922,0.659522165,0,0,0,0,0,3.2,0.914629833
1/5/2025,YaHo,0.165487704,0.516223219,0,0,0,0,0,1,0.628147399
1/6/2025,YaHo,0.079427091,0.633106096,0,0,0,0,0,1,0.645961209
1/7/2025,YaHo,0.009078854,0.72585045,0,0,0,1,0,2.4,0.664925756
1/8/2025,YaHo,0.425664099,0.654098813,0,0,1,1,0,9.9,0.845195807
1/9/2025,YaHo,1.151183444,0.626310153,0,0,0,0,0,4.2,0.965368091
1/10/2025,YaHo,0.531891521,0.694401943,0,0,0,0,0,4.7,0.876504125
1/11/2025,YaHo,0.845101153,0.372171743,0,0,0,0,0,7.9,0.88092115
1/12/2025,YaHo,0.085953746,0.64628896,0,0,0,0,0,1.2,0.658047834
1/13/2025,YaHo,0.456889734,0.575298724,0,0,0,0,0,2.3,0.806350884
1/14/2025,YaHo,0.307886498,0.436055635,0,0,0,0,1,5.5,0.683489599
1/15/2025,YaHo,0.445201276,0.685585224,0,0,0,0,0,2.6,0.842767597
1/16/2025,YaHo,0.929086216,0.768682917,0,0,0,0,0,7.7,0.960774882
1/17/2025,YaHo,0.274291482,0.588778797,0,0,0,0,0,2.8,0.733738873
1/18/2025,YaHo,0.825699387,0.753830047,0,0,1,0,0,5.9,0.946181828
1/19/2025,YaHo,0.862753648,0.806890773,0,0,0,0,0,2.9,0.954003896
1/20/2025,YaHo,0.757523801,0.770905372,0,0,0,0,0,8.9,0.942625707
1/21/2025,YaHo,0.332652299,0.831665019,0,0,0,0,0,2.8,0.854058433
1/22/2025,YaHo,1.233351383,0.714575305,0,0,0,0,0,7.5,0.978538862
1/23/2025,YaHo,0.04474984,0.608837516,1,0,0,0,0,6.3,0.742684504
1/24/2025,YaHo,0.279379046,0.460183879,0,0,0,1,0,4.7,0.677631278
1/25/2025,YaHo,0.462809695,0.627009157,0,0,0,0,0,1.9,0.826718546
1/26/2025,YaHo,0.769410294,0.526050534,0,0,0,0,0,4.2,0.893085424
1/27/2025,YaHo,0.352145864,0.825632051,0,0,0,0,0,3.2,0.859173808
1/28/2025,YaHo,0.846936238,0.547309869,0,0,0,0,0,3.7,0.913695472
1/29/2025,YaHo,0.720874719,0.684062226,0,0,0,0,0,7.6,0.921603974
1/30/2025,YaHo,0.128224272,0.660702609,0,0,0,0,0,1.3,0.6896144
1/31/2025,YaHo,0.044676662,0.625175663,1,0,0,0,0,2.9,0.737425616
2/1/2025,YaHo,0.573870355,0.821730837,0,0,0,0,0,4.9,0.915830831
2/2/2025,YaHo,0.49010045,0.553594807,1,0,1,0,0,10.8,0.893332101
2/3/2025,YaHo,0.335319082,0.670606789,0,0,0,0,0,2.6,0.796865029
2/4/2025,YaHo,0.135319082,0.515510674,0,0,0,0,0,0,0.522179606
2/5/2025,YaHo,0.243273028,0.486040992,0,0,0,0,0,2,0.659997943
2/6/2025,YaHo,0.046345425,0.599795616,0,0,0,0,0,0,0.602370635
2/7/2025,YaHo,0.076942123,0.639330306,1,0,0,0,0,5.9,0.770065497
2/8/2025,YaHo,0.165703009,0.549987612,0,0,0,0,0,1.5,0.650042619
2/9/2025,YaHo,0.283511084,0.58846504,0,0,0,0,0,0.6,0.729471
2/10/2025,YaHo,0.334529893,0.461575333,0,0,0,0,0,2,0.696410551
2/11/2025,YaHo,0.46473513,0.669476941,0,0,1,1,0,5.3,0.850881322
2/12/2025,YaHo,0.22423309,0.519131955,0,0,0,0,0,3.1,0.67269787
2/13/2025,YaHo,0.348428953,0.704083478,0,0,0,1,0,7.3,0.828819107
2/14/2025,YaHo,0.551115286,0.609072871,0,0,0,0,0,4.2,0.856247991
2/15/2025,YaHo,0.95871838,0.541909958,0,0,0,0,0,5.3,0.934476085
2/16/2025,YaHo,0.476326424,0.59442203,0,0,0,0,0,5,0.828760938
2/17/2025,YaHo,0.573324112,0.514040267,0,0,0,0,0,4.5,0.833190651
2/18/2025,YaHo,0.474760481,0.647432288,0,0,0,0,0,0.5,0.834171089
2/19/2025,YaHo,0.230946249,0.750753285,1,0,1,0,0,9.5,0.87481818
2/20/2025,YaHo,0.903505628,0.447565701,0,0,0,0,0,6.6,0.909675428
2/21/2025,YaHo,0.252478805,0.62313777,1,0,0,0,0,4,0.827646915
2/22/2025,YaHo,0.458325604,0.620341989,0,0,1,0,0,8.9,0.842197325
2/23/2025,YaHo,0.385146068,0.701455129,1,0,0,0,0,2.7,0.888002996
2/24/2025,YaHo,0.747569945,0.629264476,0,0,1,0,0,11.6,0.922305071
2/25/2025,YaHo,0.049225707,0.551833419,0,0,0,0,0,1.5,0.582403491
2/26/2025,YaHo,0.181771544,0.577798659,0,0,0,0,0,0.4,0.669721454
2/27/2025,YaHo,0.831502711,0.540828062,0,0,0,0,0,2.1,0.906601434
2/28/2025,YaHo,0.221223,0.778429424,0,1,0,0,0,4.1,0.69594744
3/1/2025,YaHo,0.76367801,0.669977888,0,0,1,0,0,8,0.92717883
