kg_score,Em_Score,twitter_alert,weather_risk,economic_risk,geo_risk,tech_risk
-0.31324917560101445,-1.4856545739200728,-0.35156152465532625,-0.24124895481858194,-0.31127502138731106,-0.29488391230979427,-0.19044534662683013
-0.21578412668776958,0.2513580225547711,-0.35156152465532625,-0.24124895481858194,-0.31127502138731106,-0.29488391230979427,-0.19044534662683013
-0.620733242008693,-0.44898112309515176,-0.35156152465532625,-0.24124895481858194,-0.31127502138731106,-0.29488391230979427,-0.19044534662683013
0.24749242849922673,-1.206389751358666,-0.35156152465532625,-0.24124895481858194,-0.31127502138731106,-0.29488391230979427,-0.19044534662683013
-0.6954327957261524,1.189851049690124,-0.35156152465532625,-0.24124895481858194,-0.31127502138731106,-0.29488391230979427,-0.19044534662683013
-0.9890140889398146,1.2764684507652377,-0.35156152465532625,-0.24124895481858194,3.212593145261493,-0.29488391230979427,-0.19044534662683013
-1.317989134166607,-0.32717589744033815,-0.35156152465532625,-0.24124895481858194,-0.31127502138731106,-0.29488391230979427,-0.19044534662683013
-0.20408502962214445,1.3261098554456296,-0.35156152465532625,-0.24124895481858194,-0.31127502138731106,-0.29488391230979427,-0.19044534662683013
0.4080439816570587,-1.2716482836463932,-0.35156152465532625,-0.24124895481858194,-0.31127502138731106,3.391164991562634,-0.19044534662683013
-0.2539492664103571,-0.41794893442511133,-0.35156152465532625,-0.24124895481858194,-0.31127502138731106,3.391164991562634,-0.19044534662683013
0.7836559576908463,0.6178537585165415,-0.35156152465532625,-0.24124895481858194,-0.31127502138731106,-0.29488391230979427,-0.19044534662683013
0.7385891020430821,0.6866227691269139,-0.35156152465532625,-0.24124895481858194,-0.31127502138731106,-0.29488391230979427,-0.19044534662683013
1.5728075602502631,0.2633936530161863,-0.35156152465532625,-0.24124895481858194,-0.31127502138731106,-0.29488391230979427,-0.19044534662683013
2.291686237531503,-1.0055260708319174,-0.35156152465532625,-0.24124895481858194,-0.31127502138731106,-0.29488391230979427,-0.19044534662683013
-0.7652805722922554,-0.04577953639777952,-0.35156152465532625,-0.24124895481858194,-0.31127502138731106,-0.29488391230979427,-0.19044534662683013
-1.177364740516482,-1.275040264147839,-0.35156152465532625,-0.24124895481858194,-0.31127502138731106,-0.29488391230979427,-0.19044534662683013
0.2912376920955869,-0.40348256598823995,-0.35156152465532625,-0.24124895481858194,-0.31127502138731106,-0.29488391230979427,-0.19044534662683013
-0.14623089421246177,0.5958060566714185,2.8444523358476395,-0.24124895481858194,-0.31127502138731106,-0.29488391230979427,-0.19044534662683013
0.7625505106708768,-0.1361547810845591,-0.35156152465532625,-0.24124895481858194,-0.31127502138731106,3.391164991562634,-0.19044534662683013
-1.313120068110146,-0.37860884699796166,-0.35156152465532625,-0.24124895481858194,-0.31127502138731106,-0.29488391230979427,-0.19044534662683013
2.205762190117973,0.6361962050235825,-0.35156152465532625,-0.24124895481858194,-0.31127502138731106,3.391164991562634,-0.19044534662683013
-0.45179631893411404,1.9713871998815626,-0.35156152465532625,-0.24124895481858194,-0.31127502138731106,-0.29488391230979427,-0.19044534662683013
0.14267450806702964,1.0225980680030842,-0.35156152465532625,-0.24124895481858194,-0.31127502138731106,-0.29488391230979427,-0.19044534662683013
-1.3920551828220662,0.9223478637874788,-0.35156152465532625,-0.24124895481858194,-0.31127502138731106,-0.29488391230979427,5.2508502712826015
-0.8773128698181186,0.2934060837276747,2.8444523358476395,-0.24124895481858194,-0.31127502138731106,-0.29488391230979427,-0.19044534662683013
0.8570635291580918,0.24508193714999477,-0.35156152465532625,-0.24124895481858194,-0.31127502138731106,-0.29488391230979427,-0.19044534662683013
-0.9475109264782008,-1.4925375942137173,-0.35156152465532625,-0.24124895481858194,-0.31127502138731106,-0.29488391230979427,-0.19044534662683013
-0.9826145223198977,-0.6858387606996288,2.8444523358476395,-0.24124895481858194,-0.31127502138731106,3.391164991562634,-0.19044534662683013
-0.2906976376404226,0.8517852881733164,-0.35156152465532625,-0.24124895481858194,-0.31127502138731106,-0.29488391230979427,-0.19044534662683013
0.9890171961330781,-1.2812394482694618,-0.35156152465532625,-0.24124895481858194,-0.31127502138731106,-0.29488391230979427,-0.19044534662683013
-1.2414910387062004,-0.16678737235597535,-0.35156152465532625,-0.24124895481858194,-0.31127502138731106,3.391164991562634,-0.19044534662683013
-0.21970668500334056,-0.15074542024087878,-0.35156152465532625,4.145095678246544,-0.31127502138731106,-0.29488391230979427,-0.19044534662683013
-0.44107618344632465,-0.29949411762696443,-0.35156152465532625,-0.24124895481858194,-0.31127502138731106,-0.29488391230979427,-0.19044534662683013
-0.8205260470326508,-0.0881694560103133,-0.35156152465532625,-0.24124895481858194,3.212593145261493,-0.29488391230979427,-0.19044534662683013
1.2990889829741326,0.3813326048824068,-0.35156152465532625,4.145095678246544,-0.31127502138731106,-0.29488391230979427,-0.19044534662683013
0.7054465381420472,0.873781902000235,-0.35156152465532625,-0.24124895481858194,-0.31127502138731106,-0.29488391230979427,-0.19044534662683013
-1.2569871353794186,0.9445586076015985,-0.35156152465532625,-0.24124895481858194,-0.31127502138731106,-0.29488391230979427,-0.19044534662683013
0.5131061677404846,0.5816576412124166,2.8444523358476395,-0.24124895481858194,-0.31127502138731106,-0.29488391230979427,-0.19044534662683013
-1.4190978665320098,-0.893202753029992,-0.35156152465532625,-0.24124895481858194,-0.31127502138731106,-0.29488391230979427,5.2508502712826015
0.8641255695743519,-1.4082050758177473,-0.35156152465532625,-0.24124895481858194,-0.31127502138731106,-0.29488391230979427,-0.19044534662683013
0.01809788929354179,1.1105865178802932,2.8444523358476395,-0.24124895481858194,3.212593145261493,-0.29488391230979427,-0.19044534662683013
2.122833484707621,-0.18235751384118604,-0.35156152465532625,-0.24124895481858194,-0.31127502138731106,-0.29488391230979427,-0.19044534662683013
0.9270133005742232,1.5887651059327905,-0.35156152465532625,-0.24124895481858194,-0.31127502138731106,-0.29488391230979427,-0.19044534662683013
0.1884028237615808,-0.5372324429160733,-0.35156152465532625,-0.24124895481858194,-0.31127502138731106,-0.29488391230979427,-0.19044534662683013
0.3657153470021295,-1.2091113059520358,2.8444523358476395,-0.24124895481858194,-0.31127502138731106,-0.29488391230979427,5.2508502712826015
0.3137141147587354,1.4053349880156445,-0.35156152465532625,-0.24124895481858194,-0.31127502138731106,-0.29488391230979427,-0.19044534662683013
-0.11282187469709754,1.9305447641233853,-0.35156152465532625,-0.24124895481858194,-0.31127502138731106,-0.29488391230979427,-0.19044534662683013
-1.6507353896583152,0.9158080512286467,-0.35156152465532625,-0.24124895481858194,3.212593145261493,-0.29488391230979427,-0.19044534662683013
-0.8267551110061765,-1.6955970237365574,2.8444523358476395,-0.24124895481858194,-0.31127502138731106,-0.29488391230979427,-0.19044534662683013
-1.2003946375076437,0.5094092120527797,-0.35156152465532625,-0.24124895481858194,-0.31127502138731106,-0.29488391230979427,-0.19044534662683013
2.1907118957884175,1.3767306344770307,-0.35156152465532625,-0.24124895481858194,-0.31127502138731106,-0.29488391230979427,-0.19044534662683013
0.4964435838094804,1.4154243977275942,-0.35156152465532625,-0.24124895481858194,-0.31127502138731106,-0.29488391230979427,-0.19044534662683013
0.6988044206735566,2.0214383382940926,-0.35156152465532625,-0.24124895481858194,-0.31127502138731106,-0.29488391230979427,-0.19044534662683013
0.8276084486191566,0.3176594439885286,-0.35156152465532625,-0.24124895481858194,-0.31127502138731106,-0.29488391230979427,-0.19044534662683013
0.5099735594517819,-1.1269871798373656,-0.35156152465532625,4.145095678246544,-0.31127502138731106,-0.29488391230979427,-0.19044534662683013
1.0253832606699613,0.7638932857759294,-0.35156152465532625,-0.24124895481858194,-0.31127502138731106,-0.29488391230979427,-0.19044534662683013
0.905659181268996,0.16150975920521746,-0.35156152465532625,-0.24124895481858194,-0.31127502138731106,-0.29488391230979427,-0.19044534662683013
-0.18521038806789755,-0.4437528076909502,-0.35156152465532625,-0.24124895481858194,-0.31127502138731106,-0.29488391230979427,-0.19044534662683013
0.9823762947640666,1.034252510055315,-0.35156152465532625,-0.24124895481858194,3.212593145261493,-0.29488391230979427,-0.19044534662683013
0.18568132886506855,-0.05664494165235387,-0.35156152465532625,-0.24124895481858194,-0.31127502138731106,-0.29488391230979427,-0.19044534662683013
1.3132491633765593,1.0033528244427157,-0.35156152465532625,-0.24124895481858194,-0.31127502138731106,-0.29488391230979427,-0.19044534662683013
0.23062187808163387,0.947943117440804,2.8444523358476395,-0.24124895481858194,-0.31127502138731106,-0.29488391230979427,-0.19044534662683013
0.7692488680274987,-1.500938778779885,-0.35156152465532625,4.145095678246544,-0.31127502138731106,-0.29488391230979427,-0.19044534662683013
0.3467246667187824,-1.29548890919206,-0.35156152465532625,-0.24124895481858194,3.212593145261493,-0.29488391230979427,-0.19044534662683013
-0.7911676668818644,-1.4679961498215888,-0.35156152465532625,-0.24124895481858194,-0.31127502138731106,3.391164991562634,5.2508502712826015
0.4174523167513422,0.5975686302720237,-0.35156152465532625,-0.24124895481858194,3.212593145261493,-0.29488391230979427,-0.19044534662683013
-0.2836620718832171,1.1309840120318126,-0.35156152465532625,-0.24124895481858194,-0.31127502138731106,-0.29488391230979427,-0.19044534662683013
0.6779070373527503,0.8260396562150539,-0.35156152465532625,-0.24124895481858194,3.212593145261493,-0.29488391230979427,-0.19044534662683013
-0.13636175483860868,1.1324988463729317,-0.35156152465532625,-0.24124895481858194,-0.31127502138731106,-0.29488391230979427,-0.19044534662683013
0.041992275458405635,-0.4687424438226874,-0.35156152465532625,-0.24124895481858194,-0.31127502138731106,-0.29488391230979427,-0.19044534662683013
-1.3949354888690904,-0.8146824392720089,-0.35156152465532625,-0.24124895481858194,-0.31127502138731106,-0.29488391230979427,-0.19044534662683013
-0.3313034221588513,0.768973699201349,-0.35156152465532625,-0.24124895481858194,-0.31127502138731106,-0.29488391230979427,-0.19044534662683013
0.8244169093997019,-1.422662090539981,-0.35156152465532625,-0.24124895481858194,-0.31127502138731106,-0.29488391230979427,-0.19044534662683013
0.52752255746796,0.4810745133897293,-0.35156152465532625,4.145095678246544,-0.31127502138731106,3.391164991562634,-0.19044534662683013
-1.1386280226589645,-0.4389246771129588,-0.35156152465532625,-0.24124895481858194,-0.31127502138731106,-0.29488391230979427,-0.19044534662683013
-0.5742599719589527,-0.9689155107215199,-0.35156152465532625,-0.24124895481858194,3.212593145261493,-0.29488391230979427,-0.19044534662683013
-1.2140088530147102,0.3892118397874584,-0.35156152465532625,4.145095678246544,-0.31127502138731106,3.391164991562634,-0.19044534662683013
-0.8224360130571846,-0.4694116299437191,-0.35156152465532625,-0.24124895481858194,3.212593145261493,-0.29488391230979427,-0.19044534662683013
0.17710978146163328,1.1971383255815307,-0.35156152465532625,-0.24124895481858194,-0.31127502138731106,-0.29488391230979427,-0.19044534662683013
-0.31908533365823855,-0.9913392209451748,-0.35156152465532625,-0.24124895481858194,-0.31127502138731106,-0.29488391230979427,-0.19044534662683013
2.067018103199792,-0.3327240439595143,-0.35156152465532625,-0.24124895481858194,-0.31127502138731106,-0.29488391230979427,-0.19044534662683013
1.531928772381176,-0.8960288573336913,2.8444523358476395,-0.24124895481858194,-0.31127502138731106,-0.29488391230979427,-0.19044534662683013
-1.173800154330938,0.11205485366810694,-0.35156152465532625,-0.24124895481858194,-0.31127502138731106,-0.29488391230979427,-0.19044534662683013
-1.267718649050976,1.2552971463063365,-0.35156152465532625,-0.24124895481858194,-0.31127502138731106,-0.29488391230979427,-0.19044534662683013
-0.08808485564986775,-0.7688374449568771,-0.35156152465532625,4.145095678246544,-0.31127502138731106,-0.29488391230979427,-0.19044534662683013
0.5720448400611338,-1.3070806913531152,-0.35156152465532625,-0.24124895481858194,-0.31127502138731106,-0.29488391230979427,-0.19044534662683013
2.2425854046535765,-0.9845594402857885,-0.35156152465532625,-0.24124895481858194,-0.31127502138731106,-0.29488391230979427,-0.19044534662683013
0.8798000601869237,0.6950072523180333,-0.35156152465532625,-0.24124895481858194,-0.31127502138731106,3.391164991562634,-0.19044534662683013
0.3383954827248088,-0.6228991881191134,-0.35156152465532625,-0.24124895481858194,3.212593145261493,-0.29488391230979427,-0.19044534662683013
1.3311423835342215,-1.4420057975097174,-0.35156152465532625,-0.24124895481858194,-0.31127502138731106,-0.29488391230979427,-0.19044534662683013
0.03649440231158452,-0.8201536830684184,-0.35156152465532625,-0.24124895481858194,-0.31127502138731106,-0.29488391230979427,-0.19044534662683013
1.3892582027409035,1.1822614065337886,-0.35156152465532625,-0.24124895481858194,-0.31127502138731106,-0.29488391230979427,-0.19044534662683013
0.7683137262846158,0.8270119372756343,-0.35156152465532625,-0.24124895481858194,-0.31127502138731106,-0.29488391230979427,-0.19044534662683013
0.9946956502601645,0.8236732452525273,-0.35156152465532625,-0.24124895481858194,-0.31127502138731106,-0.29488391230979427,-0.19044534662683013
-0.3531536638474221,-0.7753605630980582,-0.35156152465532625,-0.24124895481858194,-0.31127502138731106,-0.29488391230979427,-0.19044534662683013
-0.8494002286360011,1.591056438899511,-0.35156152465532625,-0.24124895481858194,-0.31127502138731106,-0.29488391230979427,-0.19044534662683013
-1.3561868788211064,1.4539940512841638,-0.35156152465532625,-0.24124895481858194,-0.31127502138731106,-0.29488391230979427,-0.19044534662683013
2.4640033491851083,2.1567880073497,-0.35156152465532625,-0.24124895481858194,-0.31127502138731106,-0.29488391230979427,-0.19044534662683013
-0.15371081988563723,-1.310270197376831,-0.35156152465532625,4.145095678246544,-0.31127502138731106,-0.29488391230979427,-0.19044534662683013
-1.3783020955132939,0.24514780787128443,2.8444523358476395,-0.24124895481858194,-0.31127502138731106,-0.29488391230979427,-0.19044534662683013
-0.24790199625590523,0.429928430559019,-0.35156152465532625,-0.24124895481858194,-0.31127502138731106,-0.29488391230979427,-0.19044534662683013
1.1260903317412156,0.31140725643683165,-0.35156152465532625,-0.24124895481858194,-0.31127502138731106,3.391164991562634,-0.19044534662683013
0.46175280896949983,0.3296615437464922,-0.35156152465532625,-0.24124895481858194,-0.31127502138731106,-0.29488391230979427,5.2508502712826015
1.127303782737755,2.3765906130937697,-0.35156152465532625,-0.24124895481858194,-0.31127502138731106,-0.29488391230979427,-0.19044534662683013
-0.11103961930726182,-1.2249294187756945,-0.35156152465532625,-0.24124895481858194,-0.31127502138731106,-0.29488391230979427,-0.19044534662683013
0.400151443345587,0.29587663369782174,-0.35156152465532625,-0.24124895481858194,-0.31127502138731106,-0.29488391230979427,-0.19044534662683013
-0.290571951327963,1.8056073640323442,2.8444523358476395,-0.24124895481858194,-0.31127502138731106,-0.29488391230979427,-0.19044534662683013
0.17753275712048266,-0.25405614605206783,-0.35156152465532625,-0.24124895481858194,-0.31127502138731106,-0.29488391230979427,-0.19044534662683013
-0.43865055904317257,1.010286533160706,-0.35156152465532625,-0.24124895481858194,-0.31127502138731106,-0.29488391230979427,-0.19044534662683013
0.8538488696042216,-1.4454900198654717,-0.35156152465532625,-0.24124895481858194,-0.31127502138731106,-0.29488391230979427,-0.19044534662683013
1.1831254824662425,-1.2815265293189466,-0.35156152465532625,-0.24124895481858194,3.212593145261493,-0.29488391230979427,-0.19044534662683013
1.147696743260185,-1.2947207574047417,-0.35156152465532625,-0.24124895481858194,-0.31127502138731106,3.391164991562634,-0.19044534662683013
-1.0239005524852374,-1.5472304332031552,-0.35156152465532625,-0.24124895481858194,3.212593145261493,-0.29488391230979427,-0.19044534662683013
-0.9663086861819012,-1.5777414693139544,-0.35156152465532625,-0.24124895481858194,-0.31127502138731106,-0.29488391230979427,-0.19044534662683013
0.06786353454919632,-0.250678044938582,-0.35156152465532625,-0.24124895481858194,-0.31127502138731106,-0.29488391230979427,-0.19044534662683013
0.9117946425946072,-1.4498708433234377,-0.35156152465532625,-0.24124895481858194,-0.31127502138731106,-0.29488391230979427,-0.19044534662683013
1.2007928234724594,0.6352960532964197,-0.35156152465532625,-0.24124895481858194,-0.31127502138731106,-0.29488391230979427,-0.19044534662683013
-0.6197522366886654,-1.5367146979831883,-0.35156152465532625,-0.24124895481858194,-0.31127502138731106,-0.29488391230979427,-0.19044534662683013
-0.9205568383671777,-1.3107713845217643,-0.35156152465532625,-0.24124895481858194,-0.31127502138731106,-0.29488391230979427,-0.19044534662683013
0.1511204417024259,0.8316972378957133,-0.35156152465532625,-0.24124895481858194,-0.31127502138731106,-0.29488391230979427,-0.19044534662683013
1.660431569380616,-1.3650550978729201,-0.35156152465532625,-0.24124895481858194,-0.31127502138731106,-0.29488391230979427,-0.19044534662683013
0.8862742324776394,0.25456473478149816,-0.35156152465532625,-0.24124895481858194,-0.31127502138731106,-0.29488391230979427,-0.19044534662683013
-1.376173106382912,-1.4404050626330056,-0.35156152465532625,-0.24124895481858194,-0.31127502138731106,-0.29488391230979427,-0.19044534662683013
-0.6416335735752584,0.44415666547833127,-0.35156152465532625,-0.24124895481858194,-0.31127502138731106,-0.29488391230979427,-0.19044534662683013
0.7743576045525455,-1.4377938190318202,-0.35156152465532625,-0.24124895481858194,-0.31127502138731106,-0.29488391230979427,-0.19044534662683013
-0.46867968336477356,-1.3302673524462698,-0.35156152465532625,-0.24124895481858194,-0.31127502138731106,-0.29488391230979427,-0.19044534662683013
-1.4674315870996364,1.4966712598462277,-0.35156152465532625,4.145095678246544,-0.31127502138731106,-0.29488391230979427,-0.19044534662683013
0.3894004506886358,0.6427677086424939,-0.35156152465532625,-0.24124895481858194,-0.31127502138731106,-0.29488391230979427,-0.19044534662683013
0.36992288994691813,-1.435698555897157,-0.35156152465532625,-0.24124895481858194,-0.31127502138731106,-0.29488391230979427,-0.19044534662683013
1.00999160578802,0.19771450792800097,-0.35156152465532625,-0.24124895481858194,-0.31127502138731106,-0.29488391230979427,-0.19044534662683013
-0.6092119717476311,-1.248110815263222,-0.35156152465532625,-0.24124895481858194,-0.31127502138731106,-0.29488391230979427,-0.19044534662683013
0.7167020421704017,0.40728505819035177,-0.35156152465532625,-0.24124895481858194,-0.31127502138731106,-0.29488391230979427,-0.19044534662683013
0.1828838626780831,-0.9995226051046981,-0.35156152465532625,-0.24124895481858194,-0.31127502138731106,-0.29488391230979427,-0.19044534662683013
-1.066491290784067,-1.3437213328460291,-0.35156152465532625,-0.24124895481858194,-0.31127502138731106,-0.29488391230979427,-0.19044534662683013
-1.2003298176105568,0.9323370372162799,-0.35156152465532625,-0.24124895481858194,-0.31127502138731106,-0.29488391230979427,-0.19044534662683013
0.7868810626491951,-0.10931609862053798,-0.35156152465532625,-0.24124895481858194,-0.31127502138731106,-0.29488391230979427,5.2508502712826015
0.14676821279292557,0.971769420782172,-0.35156152465532625,-0.24124895481858194,-0.31127502138731106,-0.29488391230979427,-0.19044534662683013
-1.47620066234481,1.0678119902060315,-0.35156152465532625,-0.24124895481858194,-0.31127502138731106,-0.29488391230979427,-0.19044534662683013
-0.14964337046417495,-0.12088919111257593,-0.35156152465532625,-0.24124895481858194,-0.31127502138731106,-0.29488391230979427,-0.19044534662683013
0.0840194048723092,-1.111058525136366,-0.35156152465532625,-0.24124895481858194,-0.31127502138731106,-0.29488391230979427,-0.19044534662683013
-0.9728447162751513,0.29898238287809364,-0.35156152465532625,-0.24124895481858194,-0.31127502138731106,-0.29488391230979427,-0.19044534662683013
1.2342080631974026,1.470765782702649,-0.35156152465532625,-0.24124895481858194,-0.31127502138731106,-0.29488391230979427,5.2508502712826015
2.50424661104096,1.5767739255884825,-0.35156152465532625,-0.24124895481858194,-0.31127502138731106,-0.29488391230979427,-0.19044534662683013
-0.09713674347014845,1.2046679809225491,2.8444523358476395,-0.24124895481858194,3.212593145261493,-0.29488391230979427,-0.19044534662683013
0.0035924093180329966,0.40999454739521585,-0.35156152465532625,-0.24124895481858194,-0.31127502138731106,-0.29488391230979427,-0.19044534662683013
0.9112056650384825,0.24714334374331418,-0.35156152465532625,-0.24124895481858194,-0.31127502138731106,-0.29488391230979427,-0.19044534662683013
-0.29928651138728196,0.6363315499977193,-0.35156152465532625,-0.24124895481858194,-0.31127502138731106,-0.29488391230979427,-0.19044534662683013
0.4819486376298352,0.012292322166727276,2.8444523358476395,-0.24124895481858194,-0.31127502138731106,-0.29488391230979427,-0.19044534662683013
1.3446121045735213,0.30421342986628946,-0.35156152465532625,-0.24124895481858194,-0.31127502138731106,-0.29488391230979427,-0.19044534662683013
0.4026694382023773,0.46840613485216676,-0.35156152465532625,-0.24124895481858194,-0.31127502138731106,-0.29488391230979427,-0.19044534662683013
0.4897735852179309,0.5608405320077513,-0.35156152465532625,-0.24124895481858194,-0.31127502138731106,3.391164991562634,-0.19044534662683013
-0.05287672072584581,0.12462232849872405,-0.35156152465532625,-0.24124895481858194,-0.31127502138731106,-0.29488391230979427,-0.19044534662683013
-0.8281426060994976,-0.7150783806535425,-0.35156152465532625,-0.24124895481858194,3.212593145261493,-0.29488391230979427,-0.19044534662683013
-0.38663782326067586,0.6291855615375024,-0.35156152465532625,-0.24124895481858194,-0.31127502138731106,-0.29488391230979427,-0.19044534662683013
-1.2786997265856606,1.8054549504132897,2.8444523358476395,-0.24124895481858194,-0.31127502138731106,-0.29488391230979427,5.2508502712826015
-0.8238434428354316,-0.5287846878056294,-0.35156152465532625,-0.24124895481858194,-0.31127502138731106,-0.29488391230979427,-0.19044534662683013
-0.11849478411097486,1.5370427450255397,-0.35156152465532625,-0.24124895481858194,-0.31127502138731106,3.391164991562634,-0.19044534662683013
0.10825246500279113,0.03748614899632505,-0.35156152465532625,-0.24124895481858194,-0.31127502138731106,-0.29488391230979427,-0.19044534662683013
-1.343164586751241,-0.3844970279053514,-0.35156152465532625,4.145095678246544,-0.31127502138731106,-0.29488391230979427,-0.19044534662683013
0.4208671996569357,-0.23358755634462136,-0.35156152465532625,-0.24124895481858194,-0.31127502138731106,-0.29488391230979427,-0.19044534662683013
0.4381919291396602,-1.2169321227686642,-0.35156152465532625,-0.24124895481858194,-0.31127502138731106,-0.29488391230979427,-0.19044534662683013
0.9889076857753342,-0.30835397056471425,-0.35156152465532625,-0.24124895481858194,-0.31127502138731106,-0.29488391230979427,-0.19044534662683013
-0.750109908221945,-1.2598273544763479,-0.35156152465532625,-0.24124895481858194,-0.31127502138731106,-0.29488391230979427,-0.19044534662683013
-0.5606243660003103,0.6731670087215533,-0.35156152465532625,-0.24124895481858194,-0.31127502138731106,-0.29488391230979427,-0.19044534662683013
-0.6767548905438824,-1.2233515621570503,-0.35156152465532625,-0.24124895481858194,-0.31127502138731106,-0.29488391230979427,-0.19044534662683013
-1.0075849797663579,-0.7532836954574381,-0.35156152465532625,-0.24124895481858194,-0.31127502138731106,-0.29488391230979427,-0.19044534662683013
-0.5047553209858741,0.34053014107995205,2.8444523358476395,-0.24124895481858194,-0.31127502138731106,-0.29488391230979427,-0.19044534662683013
-1.387974344244838,0.29771822015067106,-0.35156152465532625,-0.24124895481858194,-0.31127502138731106,-0.29488391230979427,-0.19044534662683013
-1.1116214245033502,0.48884862666167006,-0.35156152465532625,-0.24124895481858194,-0.31127502138731106,-0.29488391230979427,-0.19044534662683013
-1.4127437732112318,-0.9830246309408665,-0.35156152465532625,-0.24124895481858194,-0.31127502138731106,-0.29488391230979427,-0.19044534662683013
0.46278501626842056,-0.7932217843166526,-0.35156152465532625,-0.24124895481858194,-0.31127502138731106,-0.29488391230979427,-0.19044534662683013
-0.008990377823725838,-0.9090457071730638,-0.35156152465532625,4.145095678246544,3.212593145261493,-0.29488391230979427,-0.19044534662683013
1.1217321848094526,-0.8411504651795471,-0.35156152465532625,-0.24124895481858194,-0.31127502138731106,-0.29488391230979427,-0.19044534662683013
0.6109047365739011,-1.2448379450345894,-0.35156152465532625,-0.24124895481858194,-0.31127502138731106,-0.29488391230979427,-0.19044534662683013
0.04571367023894904,1.5975053363780087,-0.35156152465532625,-0.24124895481858194,-0.31127502138731106,-0.29488391230979427,-0.19044534662683013
0.6243772917290195,0.553104364760505,-0.35156152465532625,-0.24124895481858194,-0.31127502138731106,-0.29488391230979427,-0.19044534662683013
-0.8220565420905095,-0.4412674060106983,-0.35156152465532625,-0.24124895481858194,-0.31127502138731106,-0.29488391230979427,-0.19044534662683013
0.7766494052662415,-0.5131420918219431,2.8444523358476395,-0.24124895481858194,-0.31127502138731106,-0.29488391230979427,-0.19044534662683013
0.2542549990394084,0.2714208233941198,-0.35156152465532625,4.145095678246544,-0.31127502138731106,-0.29488391230979427,-0.19044534662683013
-1.5598004523397377,1.7891745392031653,2.8444523358476395,-0.24124895481858194,3.212593145261493,3.391164991562634,-0.19044534662683013
0.5706068573852692,-1.2416649870360261,-0.35156152465532625,-0.24124895481858194,-0.31127502138731106,3.391164991562634,-0.19044534662683013
-1.0837563587033092,1.1602503203853012,-0.35156152465532625,-0.24124895481858194,-0.31127502138731106,-0.29488391230979427,-0.19044534662683013
0.6062487374553386,-1.3557727717814285,-0.35156152465532625,-0.24124895481858194,-0.31127502138731106,-0.29488391230979427,-0.19044534662683013
0.018673024321051408,0.2573067494111997,2.8444523358476395,-0.24124895481858194,-0.31127502138731106,-0.29488391230979427,-0.19044534662683013
-0.19488518311539435,0.45821810598437185,-0.35156152465532625,-0.24124895481858194,-0.31127502138731106,-0.29488391230979427,-0.19044534662683013
-0.1912830299748446,0.09265357979923441,-0.35156152465532625,-0.24124895481858194,-0.31127502138731106,-0.29488391230979427,-0.19044534662683013
0.11209155157022815,1.0168555372428263,-0.35156152465532625,-0.24124895481858194,-0.31127502138731106,-0.29488391230979427,-0.19044534662683013
0.22729364152240192,-0.8998304463094148,-0.35156152465532625,-0.24124895481858194,-0.31127502138731106,-0.29488391230979427,-0.19044534662683013
-1.2637870071272912,-1.4654227655071508,-0.35156152465532625,-0.24124895481858194,-0.31127502138731106,-0.29488391230979427,-0.19044534662683013
0.1137548572836139,-1.2724511088506696,-0.35156152465532625,-0.24124895481858194,-0.31127502138731106,-0.29488391230979427,-0.19044534662683013
-0.37615551101191613,-0.1261678192652146,-0.35156152465532625,-0.24124895481858194,-0.31127502138731106,-0.29488391230979427,-0.19044534662683013
-1.4847822934239308,1.080646814942035,-0.35156152465532625,-0.24124895481858194,-0.31127502138731106,-0.29488391230979427,-0.19044534662683013
-0.5347983794394581,-1.4090922127001286,-0.35156152465532625,-0.24124895481858194,-0.31127502138731106,-0.29488391230979427,-0.19044534662683013
-0.8494898084068835,0.1249752211193117,-0.35156152465532625,-0.24124895481858194,-0.31127502138731106,-0.29488391230979427,-0.19044534662683013
0.20940841637078533,-0.2494439776809797,-0.35156152465532625,-0.24124895481858194,-0.31127502138731106,-0.29488391230979427,-0.19044534662683013
0.032091945968595666,0.3733770871548512,-0.35156152465532625,-0.24124895481858194,3.212593145261493,-0.29488391230979427,-0.19044534662683013
-0.49506819906748417,-1.2479022891805045,-0.35156152465532625,-0.24124895481858194,-0.31127502138731106,-0.29488391230979427,-0.19044534662683013
-0.16646425745456678,-0.3331382429123873,-0.35156152465532625,-0.24124895481858194,-0.31127502138731106,-0.29488391230979427,-0.19044534662683013
0.10899475927207078,0.3370309525042737,2.8444523358476395,-0.24124895481858194,-0.31127502138731106,-0.29488391230979427,-0.19044534662683013
-1.233971929101401,-1.0112678066873246,-0.35156152465532625,-0.24124895481858194,-0.31127502138731106,-0.29488391230979427,-0.19044534662683013
0.8446263488147266,-0.052399061330390316,-0.35156152465532625,-0.24124895481858194,-0.31127502138731106,-0.29488391230979427,-0.19044534662683013
0.854358211362908,-0.7752024359749147,-0.35156152465532625,-0.24124895481858194,-0.31127502138731106,3.391164991562634,-0.19044534662683013
-0.9694355813679127,-1.2798543797942583,-0.35156152465532625,-0.24124895481858194,-0.31127502138731106,-0.29488391230979427,-0.19044534662683013
0.31282399512148346,-0.27986753719925395,-0.35156152465532625,-0.24124895481858194,-0.31127502138731106,-0.29488391230979427,-0.19044534662683013
1.0505136651172537,1.6886581215973542,2.8444523358476395,-0.24124895481858194,-0.31127502138731106,-0.29488391230979427,-0.19044534662683013
0.5811497992711808,1.1325565979530157,-0.35156152465532625,-0.24124895481858194,-0.31127502138731106,-0.29488391230979427,-0.19044534662683013
-0.4263807117270886,-1.201653054300702,-0.35156152465532625,-0.24124895481858194,-0.31127502138731106,-0.29488391230979427,-0.19044534662683013
0.8620563700199215,-1.3576943343326993,-0.35156152465532625,-0.24124895481858194,-0.31127502138731106,-0.29488391230979427,-0.19044534662683013
2.912723095953172,0.3295256142376261,2.8444523358476395,-0.24124895481858194,-0.31127502138731106,-0.29488391230979427,-0.19044534662683013
-0.18777482488314204,-1.0673740322224121,-0.35156152465532625,-0.24124895481858194,-0.31127502138731106,-0.29488391230979427,-0.19044534662683013
1.6133766845449118,-1.0309972076487282,-0.35156152465532625,-0.24124895481858194,-0.31127502138731106,-0.29488391230979427,-0.19044534662683013
0.427755914095939,-0.2936596957033124,-0.35156152465532625,-0.24124895481858194,-0.31127502138731106,-0.29488391230979427,-0.19044534662683013
-1.4023664110721477,0.1448192394036773,2.8444523358476395,-0.24124895481858194,-0.31127502138731106,-0.29488391230979427,-0.19044534662683013
-0.939956060300805,-1.4038629741297897,-0.35156152465532625,-0.24124895481858194,3.212593145261493,-0.29488391230979427,-0.19044534662683013
0.8325201075498914,1.81934498034518,-0.35156152465532625,-0.24124895481858194,3.212593145261493,-0.29488391230979427,-0.19044534662683013
0.2723395099229898,0.7621338289509131,-0.35156152465532625,4.145095678246544,-0.31127502138731106,-0.29488391230979427,-0.19044534662683013
-1.403761062749858,1.1525612440648352,-0.35156152465532625,-0.24124895481858194,-0.31127502138731106,-0.29488391230979427,-0.19044534662683013
-0.9921684474526612,0.2314855229428448,-0.35156152465532625,-0.24124895481858194,-0.31127502138731106,-0.29488391230979427,5.2508502712826015
1.2921375705604377,-1.4647061411746225,-0.35156152465532625,-0.24124895481858194,-0.31127502138731106,-0.29488391230979427,-0.19044534662683013
-0.7631130146441715,-1.464640544561365,-0.35156152465532625,-0.24124895481858194,-0.31127502138731106,-0.29488391230979427,-0.19044534662683013
0.544251196576098,0.17511307454648542,-0.35156152465532625,-0.24124895481858194,-0.31127502138731106,-0.29488391230979427,-0.19044534662683013
-0.9259511513025853,-0.8303633454585936,-0.35156152465532625,-0.24124895481858194,-0.31127502138731106,-0.29488391230979427,-0.19044534662683013
0.6615633668563997,-0.26703166266014755,-0.35156152465532625,-0.24124895481858194,-0.31127502138731106,-0.29488391230979427,-0.19044534662683013
-1.274457981015921,-1.0240423765586726,-0.35156152465532625,-0.24124895481858194,-0.31127502138731106,-0.29488391230979427,-0.19044534662683013
1.2176688105745146,-1.1799723567693299,-0.35156152465532625,-0.24124895481858194,3.212593145261493,-0.29488391230979427,-0.19044534662683013
0.27465963681421585,-0.22648975577092895,-0.35156152465532625,-0.24124895481858194,-0.31127502138731106,-0.29488391230979427,-0.19044534662683013
0.2486036685536544,-0.9867511621920328,-0.35156152465532625,-0.24124895481858194,-0.31127502138731106,-0.29488391230979427,-0.19044534662683013
-0.46662542540996665,0.1059870329614849,-0.35156152465532625,-0.24124895481858194,-0.31127502138731106,-0.29488391230979427,-0.19044534662683013
-0.9428758677908421,-0.24931115223686043,-0.35156152465532625,-0.24124895481858194,-0.31127502138731106,-0.29488391230979427,-0.19044534662683013
0.17955010923133186,-1.4763772460149223,-0.35156152465532625,-0.24124895481858194,-0.31127502138731106,-0.29488391230979427,-0.19044534662683013
0.008976811161940173,-0.48061861818737506,-0.35156152465532625,-0.24124895481858194,-0.31127502138731106,-0.29488391230979427,-0.19044534662683013
-1.1183574233600708,-1.2122934029160362,-0.35156152465532625,-0.24124895481858194,3.212593145261493,-0.29488391230979427,-0.19044534662683013
0.4593016889937599,0.4747831512013694,-0.35156152465532625,-0.24124895481858194,-0.31127502138731106,3.391164991562634,-0.19044534662683013
1.986473465789315,0.72415252706746,-0.35156152465532625,-0.24124895481858194,-0.31127502138731106,-0.29488391230979427,-0.19044534662683013
-1.2497957207763293,-1.305007526671925,2.8444523358476395,4.145095678246544,-0.31127502138731106,-0.29488391230979427,-0.19044534662683013
-0.24872575560808233,1.3322445134466203,-0.35156152465532625,-0.24124895481858194,3.212593145261493,3.391164991562634,-0.19044534662683013
-0.4392040019433647,0.7091712060136758,-0.35156152465532625,-0.24124895481858194,-0.31127502138731106,-0.29488391230979427,-0.19044534662683013
0.4624855015842479,1.602938333025985,-0.35156152465532625,-0.24124895481858194,-0.31127502138731106,-0.29488391230979427,-0.19044534662683013
-0.009468515912364174,-0.2901923654475112,-0.35156152465532625,-0.24124895481858194,-0.31127502138731106,-0.29488391230979427,-0.19044534662683013
-0.14880932001422564,-1.1064475517463217,-0.35156152465532625,-0.24124895481858194,-0.31127502138731106,-0.29488391230979427,-0.19044534662683013
1.1271379755981088,0.8011307394576276,-0.35156152465532625,4.145095678246544,3.212593145261493,-0.29488391230979427,-0.19044534662683013
-1.364839491397397,1.7049851920911787,-0.35156152465532625,-0.24124895481858194,-0.31127502138731106,3.391164991562634,-0.19044534662683013
0.7095575114324998,0.761427230290689,-0.35156152465532625,-0.24124895481858194,-0.31127502138731106,-0.29488391230979427,-0.19044534662683013
-0.07313639653981316,-1.3728653472447974,-0.35156152465532625,4.145095678246544,-0.31127502138731106,-0.29488391230979427,-0.19044534662683013
-0.4421088504531363,0.0024551305611595197,-0.35156152465532625,-0.24124895481858194,-0.31127502138731106,-0.29488391230979427,-0.19044534662683013
0.7319961398908317,-1.1875560015786177,2.8444523358476395,-0.24124895481858194,-0.31127502138731106,-0.29488391230979427,-0.19044534662683013
0.8363192319108309,1.1198232550819134,-0.35156152465532625,-0.24124895481858194,-0.31127502138731106,-0.29488391230979427,-0.19044534662683013
0.01621170233188664,-0.8379911909616804,-0.35156152465532625,-0.24124895481858194,-0.31127502138731106,-0.29488391230979427,-0.19044534662683013
-1.3121188000818984,-1.2312487234178502,-0.35156152465532625,-0.24124895481858194,-0.31127502138731106,-0.29488391230979427,-0.19044534662683013
-1.4308587293864619,0.9438429703659955,-0.35156152465532625,-0.24124895481858194,-0.31127502138731106,-0.29488391230979427,-0.19044534662683013
2.238641539496031,-0.07031482329246568,-0.35156152465532625,-0.24124895481858194,-0.31127502138731106,-0.29488391230979427,-0.19044534662683013
0.1548686431198496,0.31889469130797626,-0.35156152465532625,-0.24124895481858194,-0.31127502138731106,-0.29488391230979427,-0.19044534662683013
-0.9170971699274897,-0.9011438092055835,-0.35156152465532625,4.145095678246544,-0.31127502138731106,-0.29488391230979427,-0.19044534662683013
-0.8943083484718705,-0.3315185950353871,-0.35156152465532625,-0.24124895481858194,-0.31127502138731106,-0.29488391230979427,-0.19044534662683013
0.16270005032349286,0.2270895700588122,-0.35156152465532625,-0.24124895481858194,-0.31127502138731106,-0.29488391230979427,-0.19044534662683013
-1.0948624911835236,-0.06515794677647396,-0.35156152465532625,-0.24124895481858194,-0.31127502138731106,-0.29488391230979427,-0.19044534662683013
-1.2218194361705748,0.6284198027977818,-0.35156152465532625,-0.24124895481858194,-0.31127502138731106,-0.29488391230979427,-0.19044534662683013
2.227519800129512,-0.4245028278529,-0.35156152465532625,-0.24124895481858194,-0.31127502138731106,-0.29488391230979427,-0.19044534662683013
1.1603895712176464,0.3265002244362414,-0.35156152465532625,-0.24124895481858194,-0.31127502138731106,-0.29488391230979427,-0.19044534662683013
0.8486777060692904,0.024259042799023557,-0.35156152465532625,-0.24124895481858194,-0.31127502138731106,-0.29488391230979427,-0.19044534662683013
0.7208564320672964,0.058750740584657395,-0.35156152465532625,-0.24124895481858194,-0.31127502138731106,-0.29488391230979427,-0.19044534662683013
-0.42491193742231737,-0.33546914725794175,-0.35156152465532625,-0.24124895481858194,3.212593145261493,-0.29488391230979427,-0.19044534662683013
2.684426176297961,0.8216532303611698,-0.35156152465532625,-0.24124895481858194,-0.31127502138731106,-0.29488391230979427,-0.19044534662683013
-1.5795769447490746,1.3185435338978828,-0.35156152465532625,-0.24124895481858194,-0.31127502138731106,-0.29488391230979427,-0.19044534662683013
-1.1137198638757135,-1.2875090796905855,-0.35156152465532625,-0.24124895481858194,-0.31127502138731106,-0.29488391230979427,-0.19044534662683013
-0.9177311101685,1.8356301814470224,2.8444523358476395,-0.24124895481858194,3.212593145261493,-0.29488391230979427,-0.19044534662683013
1.004922406088098,-0.17827991723835634,-0.35156152465532625,-0.24124895481858194,-0.31127502138731106,-0.29488391230979427,-0.19044534662683013
-0.4887276745608866,1.0521479454733327,-0.35156152465532625,-0.24124895481858194,-0.31127502138731106,-0.29488391230979427,-0.19044534662683013
-0.9296786609547595,-0.5470335930313538,-0.35156152465532625,-0.24124895481858194,-0.31127502138731106,-0.29488391230979427,-0.19044534662683013
-0.6036936972622859,0.28017466054750273,-0.35156152465532625,-0.24124895481858194,-0.31127502138731106,-0.29488391230979427,-0.19044534662683013
-0.2521353142052232,-0.14876692360023633,-0.35156152465532625,-0.24124895481858194,-0.31127502138731106,-0.29488391230979427,-0.19044534662683013
0.06414350973054399,1.5760021770322197,-0.35156152465532625,-0.24124895481858194,-0.31127502138731106,-0.29488391230979427,-0.19044534662683013
0.4236344561469625,0.28717551821236104,-0.35156152465532625,-0.24124895481858194,-0.31127502138731106,-0.29488391230979427,-0.19044534662683013
0.22170300599206533,-0.4272588894867502,-0.35156152465532625,-0.24124895481858194,-0.31127502138731106,-0.29488391230979427,-0.19044534662683013
-1.2441092501789226,1.191426409705965,-0.35156152465532625,-0.24124895481858194,-0.31127502138731106,-0.29488391230979427,-0.19044534662683013
-1.0239766909090926,0.4208468808779721,-0.35156152465532625,-0.24124895481858194,-0.31127502138731106,-0.29488391230979427,-0.19044534662683013
0.6336146729702486,0.49892577838865926,-0.35156152465532625,-0.24124895481858194,-0.31127502138731106,-0.29488391230979427,-0.19044534662683013
-0.6077029010122655,0.5309049899471665,-0.35156152465532625,-0.24124895481858194,-0.31127502138731106,-0.29488391230979427,-0.19044534662683013
0.12162636624886344,-1.4705080155670147,-0.35156152465532625,-0.24124895481858194,-0.31127502138731106,-0.29488391230979427,-0.19044534662683013
-0.004825007663860423,1.7294360714175239,2.8444523358476395,-0.24124895481858194,-0.31127502138731106,-0.29488391230979427,-0.19044534662683013
2.0354952847592505,0.1796331551560659,-0.35156152465532625,-0.24124895481858194,-0.31127502138731106,-0.29488391230979427,-0.19044534662683013
1.0864327713656121,-0.18088598671625983,-0.35156152465532625,-0.24124895481858194,-0.31127502138731106,-0.29488391230979427,-0.19044534662683013
-1.4157496058998302,0.8908772494470419,-0.35156152465532625,-0.24124895481858194,-0.31127502138731106,-0.29488391230979427,-0.19044534662683013
0.8277288675804267,1.439498091353474,2.8444523358476395,-0.24124895481858194,-0.31127502138731106,-0.29488391230979427,-0.19044534662683013
0.39539573393852884,-1.3211511482416576,-0.35156152465532625,-0.24124895481858194,-0.31127502138731106,-0.29488391230979427,-0.19044534662683013
0.7111318764375505,-0.8149544365919421,-0.35156152465532625,-0.24124895481858194,-0.31127502138731106,-0.29488391230979427,-0.19044534662683013
-0.07147834646750703,-0.8321246714034426,-0.35156152465532625,-0.24124895481858194,-0.31127502138731106,-0.29488391230979427,-0.19044534662683013
-0.5744063873143201,-1.2246806985305965,2.8444523358476395,-0.24124895481858194,3.212593145261493,-0.29488391230979427,-0.19044534662683013
2.988295708842805,-0.24789851827210072,-0.35156152465532625,-0.24124895481858194,-0.31127502138731106,3.391164991562634,-0.19044534662683013
1.5376611479519744,-0.08207851592093489,-0.35156152465532625,-0.24124895481858194,-0.31127502138731106,-0.29488391230979427,-0.19044534662683013
1.6683180970359486,1.6359388434789102,2.8444523358476395,-0.24124895481858194,-0.31127502138731106,-0.29488391230979427,-0.19044534662683013
-1.3346300841327459,-0.45088548944916207,-0.35156152465532625,-0.24124895481858194,-0.31127502138731106,-0.29488391230979427,-0.19044534662683013
-0.054476767167170974,-1.028804597435161,2.8444523358476395,-0.24124895481858194,-0.31127502138731106,-0.29488391230979427,-0.19044534662683013
1.6318471626660815,0.39946967249389936,-0.35156152465532625,-0.24124895481858194,-0.31127502138731106,-0.29488391230979427,-0.19044534662683013
-0.8383668930464704,1.6780765096001602,-0.35156152465532625,-0.24124895481858194,-0.31127502138731106,-0.29488391230979427,-0.19044534662683013
0.6877826574232065,0.701168272162548,-0.35156152465532625,-0.24124895481858194,-0.31127502138731106,-0.29488391230979427,-0.19044534662683013
-1.4405214591552056,-0.9636396528660851,-0.35156152465532625,-0.24124895481858194,-0.31127502138731106,-0.29488391230979427,-0.19044534662683013
1.206279881142032,2.209416107932673,-0.35156152465532625,-0.24124895481858194,-0.31127502138731106,-0.29488391230979427,-0.19044534662683013
-0.7792008057594153,-0.2645008765977933,-0.35156152465532625,-0.24124895481858194,3.212593145261493,-0.29488391230979427,-0.19044534662683013
0.8043234448022569,0.18165682757292245,-0.35156152465532625,-0.24124895481858194,-0.31127502138731106,-0.29488391230979427,-0.19044534662683013
-0.16417934338849643,1.8212308289517583,-0.35156152465532625,-0.24124895481858194,3.212593145261493,3.391164991562634,-0.19044534662683013
-0.22234357643599323,-1.3606443910807442,-0.35156152465532625,-0.24124895481858194,-0.31127502138731106,-0.29488391230979427,-0.19044534662683013
-0.6213642480604364,0.47928590028301127,-0.35156152465532625,-0.24124895481858194,-0.31127502138731106,-0.29488391230979427,-0.19044534662683013
-0.5993356126106445,0.05645586144603022,-0.35156152465532625,-0.24124895481858194,-0.31127502138731106,-0.29488391230979427,-0.19044534662683013
0.2603337516420007,0.7925927065867604,2.8444523358476395,-0.24124895481858194,-0.31127502138731106,-0.29488391230979427,-0.19044534662683013
-0.3901569194057637,-1.404971059681708,-0.35156152465532625,-0.24124895481858194,-0.31127502138731106,-0.29488391230979427,-0.19044534662683013
0.45489336699387656,-1.351600020524694,-0.35156152465532625,-0.24124895481858194,-0.31127502138731106,-0.29488391230979427,-0.19044534662683013
-0.3784875569089745,-1.4161268094940556,-0.35156152465532625,-0.24124895481858194,-0.31127502138731106,-0.29488391230979427,-0.19044534662683013
-1.3166037583264654,0.8437695435269569,-0.35156152465532625,-0.24124895481858194,-0.31127502138731106,-0.29488391230979427,-0.19044534662683013
-1.3207984921094085,-0.4857065589438016,-0.35156152465532625,-0.24124895481858194,-0.31127502138731106,-0.29488391230979427,-0.19044534662683013
-0.5387818465814748,0.913693693578692,-0.35156152465532625,-0.24124895481858194,3.212593145261493,3.391164991562634,-0.19044534662683013
0.9206650958511875,-0.2538318237283451,-0.35156152465532625,-0.24124895481858194,-0.31127502138731106,-0.29488391230979427,-0.19044534662683013
0.03529852391009825,-0.1136998650754065,2.8444523358476395,-0.24124895481858194,-0.31127502138731106,-0.29488391230979427,-0.19044534662683013
0.37137563256963174,-1.3556011707473494,-0.35156152465532625,-0.24124895481858194,-0.31127502138731106,-0.29488391230979427,-0.19044534662683013
0.026134671649183264,0.23997455570725837,-0.35156152465532625,-0.24124895481858194,3.212593145261493,-0.29488391230979427,-0.19044534662683013
0.17147255912588236,1.1482696299008035,2.8444523358476395,-0.24124895481858194,-0.31127502138731106,-0.29488391230979427,-0.19044534662683013
1.4336278137268368,1.2969376762800375,-0.35156152465532625,-0.24124895481858194,-0.31127502138731106,-0.29488391230979427,-0.19044534662683013
1.3718747698983023,0.18174213795756058,-0.35156152465532625,-0.24124895481858194,-0.31127502138731106,-0.29488391230979427,-0.19044534662683013
-1.4753501649598708,-0.9572584748774239,-0.35156152465532625,-0.24124895481858194,-0.31127502138731106,-0.29488391230979427,-0.19044534662683013
-0.11350124730078368,-1.049172508397427,2.8444523358476395,-0.24124895481858194,-0.31127502138731106,-0.29488391230979427,-0.19044534662683013
1.6963990809676222,-1.3773812754640253,-0.35156152465532625,4.145095678246544,-0.31127502138731106,-0.29488391230979427,-0.19044534662683013
2.821098689147857,-0.045847152084439825,-0.35156152465532625,-0.24124895481858194,-0.31127502138731106,-0.29488391230979427,-0.19044534662683013
-1.5805214879805403,0.5646772321334392,-0.35156152465532625,-0.24124895481858194,-0.31127502138731106,3.391164991562634,-0.19044534662683013
0.16430642679839205,-1.2174362725547005,-0.35156152465532625,-0.24124895481858194,-0.31127502138731106,-0.29488391230979427,-0.19044534662683013
-0.9327262797482655,1.2780927352784517,-0.35156152465532625,-0.24124895481858194,-0.31127502138731106,-0.29488391230979427,-0.19044534662683013
0.6534548081307762,-1.1983299413304014,-0.35156152465532625,-0.24124895481858194,3.212593145261493,-0.29488391230979427,-0.19044534662683013
1.5997798753094534,-0.9908797092261714,-0.35156152465532625,-0.24124895481858194,-0.31127502138731106,-0.29488391230979427,-0.19044534662683013
-1.0370875300976454,-0.10852614099004755,-0.35156152465532625,-0.24124895481858194,-0.31127502138731106,-0.29488391230979427,-0.19044534662683013
0.5356591792380151,0.7304629166742369,-0.35156152465532625,-0.24124895481858194,-0.31127502138731106,-0.29488391230979427,-0.19044534662683013
-0.03852296899181278,0.2048101770820671,-0.35156152465532625,-0.24124895481858194,-0.31127502138731106,-0.29488391230979427,-0.19044534662683013
0.041838402991788745,1.0976933561197857,-0.35156152465532625,-0.24124895481858194,-0.31127502138731106,-0.29488391230979427,-0.19044534662683013
0.45176040859670213,0.7768581748843038,-0.35156152465532625,-0.24124895481858194,-0.31127502138731106,-0.29488391230979427,-0.19044534662683013
-0.06113025256845077,0.43829529917830734,-0.35156152465532625,4.145095678246544,-0.31127502138731106,-0.29488391230979427,-0.19044534662683013
-0.7399595548206293,-1.0290701715460793,-0.35156152465532625,-0.24124895481858194,-0.31127502138731106,-0.29488391230979427,-0.19044534662683013
-0.20648377542740431,-0.915540053004417,-0.35156152465532625,-0.24124895481858194,-0.31127502138731106,-0.29488391230979427,-0.19044534662683013
-0.37242071549394123,1.4067672105757032,-0.35156152465532625,-0.24124895481858194,-0.31127502138731106,-0.29488391230979427,-0.19044534662683013
0.7029181738345412,0.18490386493219077,-0.35156152465532625,-0.24124895481858194,-0.31127502138731106,-0.29488391230979427,-0.19044534662683013
-0.561911991761669,0.5463815710682374,-0.35156152465532625,-0.24124895481858194,-0.31127502138731106,-0.29488391230979427,-0.19044534662683013
0.4731542936926905,-0.7560067940087735,-0.35156152465532625,-0.24124895481858194,-0.31127502138731106,-0.29488391230979427,-0.19044534662683013
-1.490620475850356,0.054868899067483996,-0.35156152465532625,-0.24124895481858194,3.212593145261493,-0.29488391230979427,-0.19044534662683013
-1.2402695260813699,-0.9760700258222116,-0.35156152465532625,-0.24124895481858194,-0.31127502138731106,-0.29488391230979427,-0.19044534662683013
0.006635119802409455,1.6009372765865553,-0.35156152465532625,-0.24124895481858194,-0.31127502138731106,-0.29488391230979427,-0.19044534662683013
-1.4008294577627778,0.9267315709975777,-0.35156152465532625,-0.24124895481858194,-0.31127502138731106,-0.29488391230979427,-0.19044534662683013
-0.8248853661854995,0.47451020627879437,-0.35156152465532625,-0.24124895481858194,-0.31127502138731106,-0.29488391230979427,-0.19044534662683013
0.8776077353812038,1.150583114694574,-0.35156152465532625,-0.24124895481858194,-0.31127502138731106,-0.29488391230979427,-0.19044534662683013
-0.20218813149210485,-1.2875271074817731,-0.35156152465532625,-0.24124895481858194,-0.31127502138731106,-0.29488391230979427,-0.19044534662683013
0.19990840592806003,-0.004757422675024193,-0.35156152465532625,4.145095678246544,-0.31127502138731106,-0.29488391230979427,5.2508502712826015
0.5937856990036467,0.06029937891978933,2.8444523358476395,-0.24124895481858194,3.212593145261493,-0.29488391230979427,-0.19044534662683013
-1.3413964404581769,0.025013810270722192,-0.35156152465532625,-0.24124895481858194,-0.31127502138731106,-0.29488391230979427,-0.19044534662683013
1.879140722317161,0.6921053587205853,-0.35156152465532625,-0.24124895481858194,-0.31127502138731106,-0.29488391230979427,-0.19044534662683013
-1.1504252628259801,-1.0861265110835812,-0.35156152465532625,-0.24124895481858194,3.212593145261493,-0.29488391230979427,-0.19044534662683013
-0.6904701201528541,0.7085935456975067,-0.35156152465532625,-0.24124895481858194,3.212593145261493,-0.29488391230979427,-0.19044534662683013
-0.4019703017276041,1.1608918062188043,-0.35156152465532625,-0.24124895481858194,-0.31127502138731106,-0.29488391230979427,-0.19044534662683013
-1.3104114826048345,1.043431519522236,-0.35156152465532625,-0.24124895481858194,-0.31127502138731106,-0.29488391230979427,-0.19044534662683013
1.9748784821112366,1.657692201411056,-0.35156152465532625,-0.24124895481858194,-0.31127502138731106,-0.29488391230979427,-0.19044534662683013
-0.11252354877330967,1.0130273121712225,-0.35156152465532625,-0.24124895481858194,-0.31127502138731106,-0.29488391230979427,-0.19044534662683013
-1.3447192918001714,0.9018788975099139,-0.35156152465532625,-0.24124895481858194,-0.31127502138731106,-0.29488391230979427,-0.19044534662683013
1.1573277940399693,1.4715203434995354,-0.35156152465532625,-0.24124895481858194,-0.31127502138731106,-0.29488391230979427,-0.19044534662683013
0.6214515379172728,-0.540255467522623,-0.35156152465532625,-0.24124895481858194,-0.31127502138731106,-0.29488391230979427,-0.19044534662683013
-1.1849901903424118,-1.0847836791596392,-0.35156152465532625,-0.24124895481858194,-0.31127502138731106,-0.29488391230979427,-0.19044534662683013
0.8586055253203342,-0.15697059567020671,-0.35156152465532625,-0.24124895481858194,-0.31127502138731106,-0.29488391230979427,-0.19044534662683013
-0.5175929298699858,1.6105639727379037,-0.35156152465532625,-0.24124895481858194,-0.31127502138731106,-0.29488391230979427,-0.19044534662683013
-0.6933452572928572,-0.778218724875644,-0.35156152465532625,-0.24124895481858194,-0.31127502138731106,-0.29488391230979427,-0.19044534662683013
0.4409857080325623,0.13869053403445594,-0.35156152465532625,-0.24124895481858194,-0.31127502138731106,-0.29488391230979427,-0.19044534662683013
-0.8241040765249322,0.3297129850522418,-0.35156152465532625,-0.24124895481858194,-0.31127502138731106,-0.29488391230979427,-0.19044534662683013
-1.4009663582676857,-1.2143951589970783,-0.35156152465532625,-0.24124895481858194,-0.31127502138731106,-0.29488391230979427,-0.19044534662683013
1.2193715062695618,0.26434811728607555,-0.35156152465532625,-0.24124895481858194,-0.31127502138731106,-0.29488391230979427,-0.19044534662683013
1.5951684082339164,0.02906382022084425,-0.35156152465532625,-0.24124895481858194,-0.31127502138731106,-0.29488391230979427,-0.19044534662683013
-1.3741519357683365,-0.15984218703774913,-0.35156152465532625,-0.24124895481858194,-0.31127502138731106,-0.29488391230979427,-0.19044534662683013
-0.7994233738064682,1.209131196274775,2.8444523358476395,-0.24124895481858194,-0.31127502138731106,-0.29488391230979427,-0.19044534662683013
0.9330504294292435,-1.4719389123583069,-0.35156152465532625,-0.24124895481858194,-0.31127502138731106,3.391164991562634,-0.19044534662683013
-0.3577145023073459,-1.4691649406857863,-0.35156152465532625,-0.24124895481858194,-0.31127502138731106,3.391164991562634,-0.19044534662683013
2.222835067736276,0.6829956226482916,-0.35156152465532625,-0.24124895481858194,-0.31127502138731106,-0.29488391230979427,-0.19044534662683013
-0.6427678772810097,1.265370457176907,2.8444523358476395,-0.24124895481858194,3.212593145261493,-0.29488391230979427,-0.19044534662683013
-1.2383785532546647,-1.297625008290139,-0.35156152465532625,-0.24124895481858194,-0.31127502138731106,-0.29488391230979427,-0.19044534662683013
-1.6091779130073611,-1.3279938836774572,-0.35156152465532625,4.145095678246544,-0.31127502138731106,-0.29488391230979427,-0.19044534662683013
-1.1477484747071827,1.7020055557881528,-0.35156152465532625,-0.24124895481858194,-0.31127502138731106,-0.29488391230979427,-0.19044534662683013
-1.4169983365615397,0.699647302716256,-0.35156152465532625,-0.24124895481858194,-0.31127502138731106,-0.29488391230979427,-0.19044534662683013
0.6431831105137402,-0.16713543513357124,-0.35156152465532625,-0.24124895481858194,-0.31127502138731106,-0.29488391230979427,-0.19044534662683013
-1.0355904570636993,-0.07981887301143598,-0.35156152465532625,-0.24124895481858194,-0.31127502138731106,-0.29488391230979427,5.2508502712826015
-0.43536829431237545,-0.9665960127432208,-0.35156152465532625,-0.24124895481858194,-0.31127502138731106,-0.29488391230979427,-0.19044534662683013
-0.12199904433601826,-0.23898389563477115,-0.35156152465532625,-0.24124895481858194,-0.31127502138731106,-0.29488391230979427,-0.19044534662683013
2.050370839553134,1.6640965084107615,-0.35156152465532625,-0.24124895481858194,-0.31127502138731106,-0.29488391230979427,-0.19044534662683013
0.16510670398008762,-1.5682044023713158,2.8444523358476395,-0.24124895481858194,-0.31127502138731106,3.391164991562634,-0.19044534662683013
1.7595674059467648,-0.029795797147962426,-0.35156152465532625,-0.24124895481858194,-0.31127502138731106,-0.29488391230979427,-0.19044534662683013
0.3957770181093315,-1.3646248499775955,-0.35156152465532625,-0.24124895481858194,-0.31127502138731106,-0.29488391230979427,-0.19044534662683013
0.32354549241059555,0.8988413356449252,-0.35156152465532625,-0.24124895481858194,-0.31127502138731106,-0.29488391230979427,-0.19044534662683013
-0.45295017086583167,1.2684624511616485,-0.35156152465532625,-0.24124895481858194,-0.31127502138731106,-0.29488391230979427,-0.19044534662683013
0.9561042221847805,-0.3128383414055623,-0.35156152465532625,4.145095678246544,-0.31127502138731106,-0.29488391230979427,-0.19044534662683013
-0.8972571498302909,0.7199877870819517,-0.35156152465532625,-0.24124895481858194,-0.31127502138731106,-0.29488391230979427,-0.19044534662683013
-1.065581894887914,1.7528657839941115,-0.35156152465532625,4.145095678246544,-0.31127502138731106,3.391164991562634,-0.19044534662683013
-1.5308210855648576,-1.2210756134610168,-0.35156152465532625,-0.24124895481858194,3.212593145261493,-0.29488391230979427,-0.19044534662683013
-1.2892718465490967,-0.3159171528451714,-0.35156152465532625,-0.24124895481858194,3.212593145261493,-0.29488391230979427,-0.19044534662683013
0.31761358885163776,0.8303581783027261,-0.35156152465532625,-0.24124895481858194,-0.31127502138731106,-0.29488391230979427,-0.19044534662683013
-1.0775197623388135,0.7505744009202597,-0.35156152465532625,-0.24124895481858194,-0.31127502138731106,-0.29488391230979427,-0.19044534662683013
-0.5887068585536183,0.551723455204748,-0.35156152465532625,-0.24124895481858194,-0.31127502138731106,-0.29488391230979427,-0.19044534662683013
0.7990321017795529,1.0488969448258278,-0.35156152465532625,-0.24124895481858194,-0.31127502138731106,-0.29488391230979427,-0.19044534662683013
-0.32204605883984105,-1.3035402621129693,-0.35156152465532625,4.145095678246544,-0.31127502138731106,-0.29488391230979427,-0.19044534662683013
1.1549633762012013,0.6433826725352256,-0.35156152465532625,-0.24124895481858194,-0.31127502138731106,-0.29488391230979427,-0.19044534662683013
-1.1121095950598063,1.452988801251818,-0.35156152465532625,-0.24124895481858194,-0.31127502138731106,-0.29488391230979427,-0.19044534662683013
-0.2602891418014964,-0.2829799829435536,-0.35156152465532625,-0.24124895481858194,-0.31127502138731106,-0.29488391230979427,-0.19044534662683013
-0.8742055172677742,-1.3221822638211163,-0.35156152465532625,-0.24124895481858194,3.212593145261493,-0.29488391230979427,-0.19044534662683013
0.7488248554819382,-1.694362631825845,-0.35156152465532625,-0.24124895481858194,-0.31127502138731106,3.391164991562634,-0.19044534662683013
-0.34497016985556045,-1.2622862398240504,-0.35156152465532625,-0.24124895481858194,-0.31127502138731106,3.391164991562634,-0.19044534662683013
-0.6981097501480333,0.43221936736751604,-0.35156152465532625,-0.24124895481858194,-0.31127502138731106,3.391164991562634,-0.19044534662683013
-0.018654898193513465,0.8596548802716143,-0.35156152465532625,-0.24124895481858194,-0.31127502138731106,-0.29488391230979427,-0.19044534662683013
-0.6768037147450021,-1.3739350317884829,-0.35156152465532625,-0.24124895481858194,-0.31127502138731106,-0.29488391230979427,-0.19044534662683013
-1.1175221630929582,0.4504164009581266,-0.35156152465532625,-0.24124895481858194,-0.31127502138731106,3.391164991562634,-0.19044534662683013
1.5169530110499416,-0.7920205832812486,-0.35156152465532625,-0.24124895481858194,-0.31127502138731106,-0.29488391230979427,-0.19044534662683013
0.7218809252055282,-1.1456242044903817,2.8444523358476395,-0.24124895481858194,3.212593145261493,-0.29488391230979427,-0.19044534662683013
-1.0906347857996361,0.9323871692229962,-0.35156152465532625,4.145095678246544,-0.31127502138731106,-0.29488391230979427,-0.19044534662683013
-1.1468549236775076,-0.5659472334520063,2.8444523358476395,-0.24124895481858194,3.212593145261493,3.391164991562634,-0.19044534662683013
0.19333049506018377,-1.0508992980635516,-0.35156152465532625,-0.24124895481858194,-0.31127502138731106,-0.29488391230979427,-0.19044534662683013
0.8185296271760555,0.6416861779758688,-0.35156152465532625,-0.24124895481858194,-0.31127502138731106,-0.29488391230979427,-0.19044534662683013
-1.3058536296352685,-1.2778286017436875,-0.35156152465532625,-0.24124895481858194,-0.31127502138731106,-0.29488391230979427,-0.19044534662683013
0.27243675721331273,0.9505381372409147,-0.35156152465532625,-0.24124895481858194,-0.31127502138731106,-0.29488391230979427,-0.19044534662683013
-0.9090119690221481,1.2201787053556117,-0.35156152465532625,-0.24124895481858194,-0.31127502138731106,-0.29488391230979427,-0.19044534662683013
0.43586042332871106,-1.314251428955956,-0.35156152465532625,-0.24124895481858194,-0.31127502138731106,-0.29488391230979427,-0.19044534662683013
-1.1231775846682235,1.9403966950441682,-0.35156152465532625,-0.24124895481858194,-0.31127502138731106,-0.29488391230979427,-0.19044534662683013
0.374165183087293,-1.2259940417907471,-0.35156152465532625,-0.24124895481858194,-0.31127502138731106,-0.29488391230979427,-0.19044534662683013
-1.2495394140667289,-0.26526329627163314,2.8444523358476395,-0.24124895481858194,-0.31127502138731106,-0.29488391230979427,-0.19044534662683013
0.0748512136798375,2.1509668525001238,-0.35156152465532625,-0.24124895481858194,-0.31127502138731106,-0.29488391230979427,-0.19044534662683013
2.9034099496160377,-1.0376394046037583,-0.35156152465532625,-0.24124895481858194,-0.31127502138731106,-0.29488391230979427,-0.19044534662683013
-0.053635802330324465,1.3052557993071385,-0.35156152465532625,-0.24124895481858194,3.212593145261493,-0.29488391230979427,-0.19044534662683013
-0.4064180366229394,-0.3028109003296287,-0.35156152465532625,-0.24124895481858194,-0.31127502138731106,-0.29488391230979427,-0.19044534662683013
1.5050797934572118,0.7963397671508076,-0.35156152465532625,-0.24124895481858194,-0.31127502138731106,-0.29488391230979427,5.2508502712826015
-0.5537222348913934,0.8505700093881315,-0.35156152465532625,-0.24124895481858194,-0.31127502138731106,3.391164991562634,-0.19044534662683013
-0.30237347944598086,-0.030509345841169676,-0.35156152465532625,-0.24124895481858194,-0.31127502138731106,-0.29488391230979427,5.2508502712826015
-0.3289850967308463,-0.35200117154138977,2.8444523358476395,-0.24124895481858194,3.212593145261493,-0.29488391230979427,-0.19044534662683013
1.2993750154080363,-0.2622589211001303,-0.35156152465532625,-0.24124895481858194,-0.31127502138731106,-0.29488391230979427,-0.19044534662683013
1.2595176484192223,-0.19954098985320035,-0.35156152465532625,-0.24124895481858194,-0.31127502138731106,-0.29488391230979427,-0.19044534662683013
1.814018743321604,-0.42719015273607197,2.8444523358476395,-0.24124895481858194,-0.31127502138731106,-0.29488391230979427,-0.19044534662683013
0.7221720903683669,0.01014894907259011,-0.35156152465532625,-0.24124895481858194,-0.31127502138731106,-0.29488391230979427,-0.19044534662683013
-0.7220098798372968,1.076788092513638,-0.35156152465532625,-0.24124895481858194,-0.31127502138731106,-0.29488391230979427,-0.19044534662683013
-1.2019288324223119,1.5902702935694317,-0.35156152465532625,-0.24124895481858194,-0.31127502138731106,-0.29488391230979427,-0.19044534662683013
0.8982660499366465,2.327106424294007,-0.35156152465532625,-0.24124895481858194,3.212593145261493,-0.29488391230979427,-0.19044534662683013
2.151677208296285,-0.05934481595343212,-0.35156152465532625,-0.24124895481858194,-0.31127502138731106,-0.29488391230979427,5.2508502712826015
-0.5469292739489094,-0.8333895663926829,-0.35156152465532625,-0.24124895481858194,-0.31127502138731106,-0.29488391230979427,-0.19044534662683013
-1.5301297169684491,-1.464466467022759,-0.35156152465532625,-0.24124895481858194,-0.31127502138731106,-0.29488391230979427,-0.19044534662683013
-1.124302417208659,-1.4913697407883046,-0.35156152465532625,-0.24124895481858194,3.212593145261493,-0.29488391230979427,-0.19044534662683013
0.7819868082996114,-1.3953539756109448,-0.35156152465532625,-0.24124895481858194,-0.31127502138731106,-0.29488391230979427,-0.19044534662683013
0.16744265376957254,0.6056974452608397,-0.35156152465532625,-0.24124895481858194,-0.31127502138731106,-0.29488391230979427,-0.19044534662683013
1.495136691098697,-1.0535131126444812,-0.35156152465532625,-0.24124895481858194,-0.31127502138731106,3.391164991562634,-0.19044534662683013
0.13034204817845674,0.1050347155927889,-0.35156152465532625,-0.24124895481858194,-0.31127502138731106,-0.29488391230979427,-0.19044534662683013
0.05573927498984775,0.7849836005124775,2.8444523358476395,-0.24124895481858194,-0.31127502138731106,-0.29488391230979427,-0.19044534662683013
-0.9730912523077366,0.7803396089214597,-0.35156152465532625,-0.24124895481858194,-0.31127502138731106,-0.29488391230979427,-0.19044534662683013
1.9873226665050547,0.2970220001243592,2.8444523358476395,-0.24124895481858194,3.212593145261493,-0.29488391230979427,5.2508502712826015
0.27778133649547987,-1.229389291654784,-0.35156152465532625,-0.24124895481858194,3.212593145261493,-0.29488391230979427,-0.19044534662683013
1.5189627826825784,-1.2381610966462333,-0.35156152465532625,-0.24124895481858194,-0.31127502138731106,-0.29488391230979427,-0.19044534662683013
-0.5510577932879368,-1.2126395318731227,-0.35156152465532625,-0.24124895481858194,-0.31127502138731106,-0.29488391230979427,-0.19044534662683013
-1.486890866315638,-0.19531028950280194,2.8444523358476395,4.145095678246544,-0.31127502138731106,-0.29488391230979427,-0.19044534662683013
0.617570870448976,-0.13455602177245843,-0.35156152465532625,-0.24124895481858194,-0.31127502138731106,-0.29488391230979427,-0.19044534662683013
1.3914741671434467,0.37552410776003864,-0.35156152465532625,-0.24124895481858194,-0.31127502138731106,3.391164991562634,-0.19044534662683013
1.0726945498929883,-0.5882324080799368,2.8444523358476395,-0.24124895481858194,-0.31127502138731106,-0.29488391230979427,5.2508502712826015
-1.6122506879340621,1.313098301248146,-0.35156152465532625,-0.24124895481858194,3.212593145261493,-0.29488391230979427,-0.19044534662683013
-1.6989831258577288,-1.5505221572747312,-0.35156152465532625,-0.24124895481858194,-0.31127502138731106,-0.29488391230979427,-0.19044534662683013
-0.47315533761559325,1.0878251867870574,-0.35156152465532625,-0.24124895481858194,-0.31127502138731106,-0.29488391230979427,-0.19044534662683013
-0.3194283742440898,1.1852414020866262,-0.35156152465532625,-0.24124895481858194,-0.31127502138731106,-0.29488391230979427,-0.19044534662683013
0.08932072504531349,-0.09737311582887297,-0.35156152465532625,-0.24124895481858194,-0.31127502138731106,-0.29488391230979427,-0.19044534662683013
0.31497295771983547,1.443332235982151,-0.35156152465532625,-0.24124895481858194,-0.31127502138731106,-0.29488391230979427,-0.19044534662683013
1.8849066680863296,0.9997992567390679,-0.35156152465532625,-0.24124895481858194,3.212593145261493,-0.29488391230979427,-0.19044534662683013
0.6515643964152693,-1.3202140025274833,-0.35156152465532625,-0.24124895481858194,-0.31127502138731106,-0.29488391230979427,-0.19044534662683013
0.8953337632649555,1.5099163630793444,-0.35156152465532625,-0.24124895481858194,-0.31127502138731106,3.391164991562634,-0.19044534662683013
-0.23962011258097635,-0.5149651879070273,-0.35156152465532625,-0.24124895481858194,-0.31127502138731106,3.391164991562634,-0.19044534662683013
0.5206530530558451,0.7671565801036805,-0.35156152465532625,-0.24124895481858194,-0.31127502138731106,-0.29488391230979427,-0.19044534662683013
1.3992008026753024,0.3676534873332459,-0.35156152465532625,-0.24124895481858194,-0.31127502138731106,-0.29488391230979427,5.2508502712826015
-0.2081163001613628,-0.06846376098502603,-0.35156152465532625,-0.24124895481858194,-0.31127502138731106,-0.29488391230979427,-0.19044534662683013
-1.217033315398316,1.136766531677529,2.8444523358476395,-0.24124895481858194,-0.31127502138731106,-0.29488391230979427,-0.19044534662683013
-0.6329884530415092,1.06639129922059,-0.35156152465532625,-0.24124895481858194,-0.31127502138731106,-0.29488391230979427,-0.19044534662683013
-1.390493406018714,0.5299214186952518,-0.35156152465532625,-0.24124895481858194,-0.31127502138731106,-0.29488391230979427,-0.19044534662683013
-0.7583667009563976,-1.2020133886262003,-0.35156152465532625,-0.24124895481858194,-0.31127502138731106,-0.29488391230979427,-0.19044534662683013
-0.2897930890865295,-1.2662079079456552,-0.35156152465532625,-0.24124895481858194,-0.31127502138731106,-0.29488391230979427,-0.19044534662683013
0.5761652987723634,-1.3373344348720817,-0.35156152465532625,-0.24124895481858194,-0.31127502138731106,-0.29488391230979427,-0.19044534662683013
-1.211730357898844,-1.1524877439761176,-0.35156152465532625,-0.24124895481858194,-0.31127502138731106,-0.29488391230979427,-0.19044534662683013
-1.205906771609748,-0.13571436519426947,-0.35156152465532625,-0.24124895481858194,-0.31127502138731106,-0.29488391230979427,-0.19044534662683013
0.4746223772117184,-1.3216781028294537,-0.35156152465532625,-0.24124895481858194,-0.31127502138731106,-0.29488391230979427,-0.19044534662683013
1.0422550825268475,-0.4534548376096808,-0.35156152465532625,-0.24124895481858194,-0.31127502138731106,-0.29488391230979427,-0.19044534662683013
-1.003772158667225,-1.2498337822737007,-0.35156152465532625,-0.24124895481858194,-0.31127502138731106,-0.29488391230979427,-0.19044534662683013
1.7729174887113055,-1.0959432597017535,-0.35156152465532625,-0.24124895481858194,-0.31127502138731106,-0.29488391230979427,-0.19044534662683013
-0.9668329884847516,0.5589051376323799,-0.35156152465532625,-0.24124895481858194,-0.31127502138731106,-0.29488391230979427,-0.19044534662683013
